image_url,brightness,red_mean,green_mean,blue_mean,organization_id,org_name,site_id,site_name,elevation,measured_on,landcover_id,data_source,measured_at,east_photo_url,south_photo_url,west_photo_url,upward_photo_url,downward_photo_url,measure_lat,measure_long,measure_elev,loc_method,loc_accuracy,snow_ice,standing_water,muddy,dry_ground,leaves_on_trees,raining_snowing,are_equal,timezone_offset,local_time,latitude_offset_deg,longitude_offset_deg,month_day,season,day_of_year,date_outlier,loc_accuracy_outlier,hour_of_day,month_of_year,year,geometry,system:index,CLOUD_COVER,COLLECTION_NUMBER,DATE_ACQUIRED,GEOMETRIC_RMSE_MODEL,LANDSAT_PRODUCT_ID,LANDSAT_SCENE_ID,PROCESSING_LEVEL,QA_PIXEL,QA_RADSAT,SPACECRAFT_ID,SR_B1,SR_B2,SR_B3,SR_B4,SR_B5,SR_B6,SR_B7,SUN_ELEVATION,chunk_id,max_extent,sample_id,.geo,GCC,BCC,RCC,color_magnitude
https://data.globe.gov/system/photos/2018/09/23/850203/original.jpg,121.26371384081841,120.80284710750264,121.96405900271292,118.86631510247562,20048544,Kazakhstan Citizen Science,137611,39TWN693161,-28.5,2018-09-23T04:00:00Z,210,GLOBE Observer App,2018-09-23T13:32:00Z,https://data.globe.gov/system/photos/2018/09/23/850204/original.jpg,https://data.globe.gov/system/photos/2018/09/23/850205/original.jpg,https://data.globe.gov/system/photos/2018/09/23/850206/original.jpg,https://data.globe.gov/system/photos/2018/09/23/850207/original.jpg,https://data.globe.gov/system/photos/2018/09/23/850208/original.jpg,47.0948,51.9133,-27.3,manual,NA,0,1,0,0,1,0,FALSE,3,2018-09-23T07:00:00Z,NA,NA,09-23,Fall,266,FALSE,NA,3,Sep,2018,"c(51.913154, 47.094769)",NA,NA,NA,NA,NA,NA,NA,NA,NA,NA,NA,NA,NA,NA,NA,NA,NA,NA,NA,NA,NA,NA,NA,0.337259001243641,0.32869301858903477,0.33404798016732423,208.80076729681076
https://data.globe.gov/system/photos/2018/09/26/853078/original.jpg,105.14099417100263,97.51654658550821,109.32647569425001,103.58689043287606,24126901,National Kinmen Senior High School,137884,50RPN388033,18.6,2018-09-26T04:00:00Z,334,GLOBE Observer App,2018-09-26T02:13:00Z,https://data.globe.gov/system/photos/2018/09/26/853079/original.jpg,https://data.globe.gov/system/photos/2018/09/26/853080/original.jpg,https://data.globe.gov/system/photos/2018/09/26/853081/original.jpg,https://data.globe.gov/system/photos/2018/09/26/853082/original.jpg,https://data.globe.gov/system/photos/2018/09/26/853083/original.jpg,24.4375,118.37,-21.1,automatic,12,0,0,0,1,1,0,FALSE,8,2018-09-26T12:00:00Z,1.0779734099892202e-4,1.1840486723634228e-4,09-26,Fall,269,FALSE,FALSE,8,Sep,2018,"c(118.369227, 24.437035)",NA,NA,NA,NA,NA,NA,NA,NA,NA,NA,NA,NA,NA,NA,NA,NA,NA,NA,NA,NA,NA,NA,NA,0.3521776453142703,0.3336884951830228,0.31413385950270684,179.42128919178376
https://data.globe.gov/system/photos/2019/02/04/965782/original.jpg,123.35270232445457,121.88356095724241,130.35343460593933,91.15834635368088,32402168,"College of Earth, Ocean, Atmospheric Sciences (CEOAS) GLOBE v-School",136776,10TDQ773346,75,2019-02-04T05:00:00Z,1865,GLOBE Observer App,2019-02-04T17:42:00Z,https://data.globe.gov/system/photos/2019/02/04/965783/original.jpg,https://data.globe.gov/system/photos/2019/02/04/965784/original.jpg,https://data.globe.gov/system/photos/2019/02/04/965785/original.jpg,https://data.globe.gov/system/photos/2019/02/04/965786/original.jpg,https://data.globe.gov/system/photos/2019/02/04/965787/original.jpg,44.5647,-123.2857,141.6,automatic,5,0,0,1,0,0,0,FALSE,-8,2019-02-03T21:00:00Z,4.4915558749550845e-5,6.304305195820063e-5,02-03,Winter,34,FALSE,FALSE,16,Feb,2019,"c(-123.285857, 44.564379)",NA,NA,NA,NA,NA,NA,NA,NA,NA,NA,NA,NA,NA,NA,NA,NA,NA,NA,NA,NA,NA,NA,NA,0.37960163896893634,0.26546180226215965,0.35493655876890406,200.3932744757677
https://data.globe.gov/system/photos/2019/05/03/1058202/original.jpg,148.44000997830597,145.69748914911838,148.59430338509725,154.8386371528574,17272022,Australia Citizen Science,153853,55HFA935811,660,2019-05-03T04:00:00Z,23128,GLOBE Observer App,2019-05-03T05:58:00Z,https://data.globe.gov/system/photos/2019/05/03/1058203/original.jpg,https://data.globe.gov/system/photos/2019/05/03/1058204/original.jpg,https://data.globe.gov/system/photos/2019/05/03/1058205/original.jpg,https://data.globe.gov/system/photos/2019/05/03/1058206/original.jpg,https://data.globe.gov/system/photos/2019/05/03/1058207/original.jpg,-35.3945,149.1311,593.1,automatic,251,0,0,0,1,1,0,FALSE,10,2019-05-03T14:00:00Z,0.00225476104922745,0.00276595555315111,05-03,Spring,123,FALSE,TRUE,10,May,2019,"c(149.130629, -35.394703)",NA,NA,NA,NA,NA,NA,NA,NA,NA,NA,NA,NA,NA,NA,NA,NA,NA,NA,NA,NA,NA,NA,NA,0.33084888834770954,0.34475205178313034,0.32439905986916,259.38972396418103
https://data.globe.gov/system/photos/2019/05/27/1082691/original.jpg,102.75848243601764,96.16394772372537,110.03892023505126,82.56680603666044,17043304,United States of America Citizen Science,156654,10TDQ946408,71.9,2019-05-27T04:00:00Z,23595,GLOBE Observer App,2019-05-27T18:59:00Z,https://data.globe.gov/system/photos/2019/05/27/1082692/original.jpg,https://data.globe.gov/system/photos/2019/05/27/1082693/original.jpg,https://data.globe.gov/system/photos/2019/05/27/1082694/original.jpg,https://data.globe.gov/system/photos/2019/05/27/1082695/original.jpg,https://data.globe.gov/system/photos/2019/05/27/1082696/original.jpg,44.6206,-123.0671,141.6,automatic,10,0,0,0,1,1,0,FALSE,-8,2019-05-26T20:00:00Z,8.983111749910169e-5,1.2620743995847813e-4,05-26,Spring,146,FALSE,FALSE,16,May,2019,"c(-123.068067, 44.620532)",NA,NA,NA,NA,NA,NA,NA,NA,NA,NA,NA,NA,NA,NA,NA,NA,NA,NA,NA,NA,NA,NA,NA,0.38106120602120436,0.2859261670183729,0.3330126269604227,167.8491771424658
https://data.globe.gov/system/photos/2019/06/22/1115016/original.jpg,131.60046302518836,129.60965663474377,135.0812389081221,118.89902150863239,226967,Montana State University,159571,12TTS722947,971.9,2019-06-22T04:00:00Z,24785,GLOBE Observer App,2019-06-22T14:33:00Z,https://data.globe.gov/system/photos/2019/06/22/1115017/original.jpg,https://data.globe.gov/system/photos/2019/06/22/1115018/original.jpg,https://data.globe.gov/system/photos/2019/06/22/1115019/original.jpg,https://data.globe.gov/system/photos/2019/06/22/1115020/original.jpg,https://data.globe.gov/system/photos/2019/06/22/1115021/original.jpg,46.8675,-113.9878,972.2,manual,NA,0,0,0,1,1,0,FALSE,-8,2019-06-21T20:00:00Z,NA,NA,06-21,Summer,172,FALSE,NA,16,Jun,2019,"c(-113.989027, 46.866796)",NA,NA,NA,NA,NA,NA,NA,NA,NA,NA,NA,NA,NA,NA,NA,NA,NA,NA,NA,NA,NA,NA,NA,0.3521501293528187,0.3099638864925373,0.3378859841546441,221.7714623517633
https://data.globe.gov/system/photos/2019/06/23/1112774/original.jpg,102.0753076880897,103.33711564431495,104.87933400803925,84.32755304752446,17043304,United States of America Citizen Science,159419,10TDS319092,3.7,2019-06-23T04:00:00Z,24703,GLOBE Observer App,2019-06-23T21:38:00Z,https://data.globe.gov/system/photos/2019/06/23/1112776/original.jpg,https://data.globe.gov/system/photos/2019/06/23/1112778/original.jpg,https://data.globe.gov/system/photos/2019/06/23/1112780/original.jpg,https://data.globe.gov/system/photos/2019/06/23/1112782/original.jpg,https://data.globe.gov/system/photos/2019/06/23/1112783/original.jpg,46.1336,-123.881,15.6,automatic,5,0,0,0,1,1,0,FALSE,-8,2019-06-22T20:00:00Z,4.4915558749550845e-5,6.481516561041732e-5,06-22,Summer,173,FALSE,FALSE,16,Jun,2019,"c(-123.881593, 46.132977)",NA,NA,NA,NA,NA,NA,NA,NA,NA,NA,NA,NA,NA,NA,NA,NA,NA,NA,NA,NA,NA,NA,NA,0.35850789296690905,0.2882559624168273,0.3532361446162636,169.6743067604504
https://data.globe.gov/system/photos/2019/06/27/1117961/original.jpg,91.83288995322084,87.10802806714274,102.8541194057235,47.47562692897789,13021519,Shumate Middle School,158911,17TLG135608,179.8,2019-06-27T04:00:00Z,24925,GLOBE Observer App,2019-06-27T21:46:00Z,https://data.globe.gov/system/photos/2019/06/27/1117962/original.jpg,https://data.globe.gov/system/photos/2019/06/27/1117963/original.jpg,https://data.globe.gov/system/photos/2019/06/27/1117964/original.jpg,https://data.globe.gov/system/photos/2019/06/27/1117965/original.jpg,https://data.globe.gov/system/photos/2019/06/27/1117966/original.jpg,42.0778,-83.2538,178.9,manual,NA,0,0,0,0,1,0,FALSE,-6,2019-06-26T22:00:00Z,NA,NA,06-26,Summer,177,FALSE,NA,18,Jun,2019,"c(-83.254601, 42.077134)",NA,NA,NA,NA,NA,NA,NA,NA,NA,NA,NA,NA,NA,NA,NA,NA,NA,NA,NA,NA,NA,NA,NA,0.4331834716057069,0.19994976388478627,0.3668667645095067,142.9010622240872
https://data.globe.gov/system/photos/2019/07/06/1128729/original.jpg,110.45202247636735,103.78848572582109,119.64088107633309,80.61463204130227,17043304,United States of America Citizen Science,161152,14TQL340413,341.2,2019-07-06T04:00:00Z,25378,GLOBE Observer App,2019-07-06T14:33:00Z,https://data.globe.gov/system/photos/2019/07/06/1128730/original.jpg,https://data.globe.gov/system/photos/2019/07/06/1128731/original.jpg,https://data.globe.gov/system/photos/2019/07/06/1128732/original.jpg,https://data.globe.gov/system/photos/2019/07/06/1128733/original.jpg,https://data.globe.gov/system/photos/2019/07/06/1128734/original.jpg,40.9901,-96.2177,333.4,manual,NA,0,1,1,1,1,0,FALSE,-6,2019-07-05T22:00:00Z,NA,NA,07-05,Summer,186,FALSE,NA,18,Jul,2019,"c(-96.218252, 40.989329)",NA,NA,NA,NA,NA,NA,NA,NA,NA,NA,NA,NA,NA,NA,NA,NA,NA,NA,NA,NA,NA,NA,NA,0.39349857761189605,0.26514133595121026,0.34136008643689364,177.7208741063773
https://data.globe.gov/system/photos/2019/07/16/1137148/original.jpg,144.14957875387262,146.306744791756,153.05953896605396,92.61326919378197,20826740,Alpena Elementary/Middle School,162009,17TLG369893,176.3,2019-07-16T04:00:00Z,25539,GLOBE Observer App,2019-07-16T13:25:00Z,https://data.globe.gov/system/photos/2019/07/16/1137149/original.jpg,https://data.globe.gov/system/photos/2019/07/16/1137150/original.jpg,https://data.globe.gov/system/photos/2019/07/16/1137151/original.jpg,https://data.globe.gov/system/photos/2019/07/16/1137152/original.jpg,https://data.globe.gov/system/photos/2019/07/16/1137153/original.jpg,42.3389,-82.979,176.3,automatic,32,0,0,0,0,1,0,FALSE,-6,2019-07-15T22:00:00Z,2.8745957599712543e-4,3.888929782376045e-4,07-15,Summer,196,FALSE,FALSE,18,Jul,2019,"c(-82.97989, 42.33887)",NA,NA,NA,NA,NA,NA,NA,NA,NA,NA,NA,NA,NA,NA,NA,NA,NA,NA,NA,NA,NA,NA,NA,0.3904783752456503,0.2362706638558246,0.3732509608985251,231.10626056171853
https://data.globe.gov/system/photos/2019/08/06/1158328/original.jpg,108.78120992722393,109.82087770022747,108.83154465693661,105.79518229109674,32402168,"College of Earth, Ocean, Atmospheric Sciences (CEOAS) GLOBE v-School",164261,12TVR609859,1234.9,2019-08-06T04:00:00Z,26264,GLOBE Observer App,2019-08-06T13:05:00Z,https://data.globe.gov/system/photos/2019/08/06/1158329/original.jpg,https://data.globe.gov/system/photos/2019/08/06/1158330/original.jpg,https://data.globe.gov/system/photos/2019/08/06/1158331/original.jpg,https://data.globe.gov/system/photos/2019/08/06/1158332/original.jpg,https://data.globe.gov/system/photos/2019/08/06/1158335/original.jpg,45.9258,-111.5035,1232,automatic,5,0,1,0,1,1,0,FALSE,-7,2019-08-05T21:00:00Z,4.4915558749550845e-5,6.457194646712215e-5,08-05,Summer,217,FALSE,FALSE,17,Aug,2019,"c(-111.504281, 45.925557)",NA,NA,NA,NA,NA,NA,NA,NA,NA,NA,NA,NA,NA,NA,NA,NA,NA,NA,NA,NA,NA,NA,NA,0.33543642516616123,0.3260778651942618,0.3384857096395769,187.34340363959842
https://data.globe.gov/system/photos/2019/08/06/1158489/original.jpg,130.39517938143936,141.32609888249786,127.45630770507282,116.85809817654018,32402168,"College of Earth, Ocean, Atmospheric Sciences (CEOAS) GLOBE v-School",164296,12TVR972584,1467.6,2019-08-06T04:00:00Z,26277,GLOBE Observer App,2019-08-06T15:34:00Z,https://data.globe.gov/system/photos/2019/08/06/1158490/original.jpg,https://data.globe.gov/system/photos/2019/08/06/1158491/original.jpg,https://data.globe.gov/system/photos/2019/08/06/1158492/original.jpg,https://data.globe.gov/system/photos/2019/08/06/1158493/original.jpg,https://data.globe.gov/system/photos/2019/08/06/1158494/original.jpg,45.6792,-111.0356,1467.7,automatic,5,0,0,0,1,1,0,FALSE,-7,2019-08-05T21:00:00Z,4.4915558749550845e-5,6.428676442309695e-5,08-05,Summer,217,FALSE,FALSE,17,Aug,2019,"c(-111.035953, 45.679146)",NA,NA,NA,NA,NA,NA,NA,NA,NA,NA,NA,NA,NA,NA,NA,NA,NA,NA,NA,NA,NA,NA,NA,0.33050549963115383,0.303023403228922,0.36647109713992415,223.32485689818245
https://data.globe.gov/system/photos/2019/08/09/1162512/original.jpg,123.64542973377294,121.98114969090103,125.92110146625816,116.29280189034564,32402168,"College of Earth, Ocean, Atmospheric Sciences (CEOAS) GLOBE v-School",164731,11TPM273325,610.3,2019-08-09T04:00:00Z,26557,GLOBE Observer App,2019-08-09T21:13:00Z,https://data.globe.gov/system/photos/2019/08/09/1162513/original.jpg,https://data.globe.gov/system/photos/2019/08/09/1162514/original.jpg,https://data.globe.gov/system/photos/2019/08/09/1162515/original.jpg,https://data.globe.gov/system/photos/2019/08/09/1162516/original.jpg,https://data.globe.gov/system/photos/2019/08/09/1162517/original.jpg,46.3344,-115.3448,605.1,automatic,5,0,0,0,1,1,0,FALSE,-8,2019-08-08T20:00:00Z,4.4915558749550845e-5,6.505275460180042e-5,08-08,Summer,220,FALSE,FALSE,16,Aug,2019,"c(-115.34599, 46.334111)",NA,NA,NA,NA,NA,NA,NA,NA,NA,NA,NA,NA,NA,NA,NA,NA,NA,NA,NA,NA,NA,NA,NA,0.3457518173642883,0.31931461154464574,0.3349335710910661,210.37951527156076
https://data.globe.gov/system/photos/2019/08/14/1166927/original.jpg,93.47473597849424,120.49061921326127,83.87108748093665,72.06765335670985,32402168,"College of Earth, Ocean, Atmospheric Sciences (CEOAS) GLOBE v-School",165087,16SFH093349,141.4,2019-08-14T04:00:00Z,26629,GLOBE Observer App,2019-08-14T13:27:00Z,https://data.globe.gov/system/photos/2019/08/14/1166928/original.jpg,https://data.globe.gov/system/photos/2019/08/14/1166929/original.jpg,https://data.globe.gov/system/photos/2019/08/14/1166930/original.jpg,https://data.globe.gov/system/photos/2019/08/14/1166931/original.jpg,https://data.globe.gov/system/photos/2019/08/14/1166932/original.jpg,38.256,-85.75,140.1,automatic,5,0,0,0,1,1,0,FALSE,-6,2019-08-13T22:00:00Z,4.4915558749550845e-5,5.7198903414128374e-5,08-13,Summer,225,FALSE,FALSE,18,Aug,2019,"c(-85.750764, 38.255484)",NA,NA,NA,NA,NA,NA,NA,NA,NA,NA,NA,NA,NA,NA,NA,NA,NA,NA,NA,NA,NA,NA,NA,0.3034087532000609,0.2607091133280406,0.43588213347189847,163.54233486768172
https://data.globe.gov/system/photos/2019/09/19/1209577/original.jpg,103.17611992139017,103.77406008849323,106.21931423604022,85.93805700269188,24126901,National Kinmen Senior High School,102440,50RPN332030,22.2,2019-09-19T04:00:00Z,27290,GLOBE Observer App,2019-09-19T04:34:00Z,https://data.globe.gov/system/photos/2019/09/19/1209578/original.jpg,https://data.globe.gov/system/photos/2019/09/19/1209579/original.jpg,https://data.globe.gov/system/photos/2019/09/19/1209581/original.jpg,https://data.globe.gov/system/photos/2019/09/19/1209584/original.jpg,https://data.globe.gov/system/photos/2019/09/19/1209587/original.jpg,24.4357,118.3141,21.9,automatic,65,0,0,0,1,1,0,FALSE,8,2019-09-19T12:00:00Z,5.83902263744161e-4,6.41350542121089e-4,09-19,Summer,262,FALSE,FALSE,8,Sep,2019,"c(118.313968, 24.434816)",NA,NA,NA,NA,NA,NA,NA,NA,NA,NA,NA,NA,NA,NA,NA,NA,NA,NA,NA,NA,NA,NA,NA,0.3589321815518424,0.2903985447482465,0.35066927369991113,171.57199044547679
https://data.globe.gov/system/photos/2019/09/22/1214699/original.jpg,104.05526836227119,101.42811197926015,108.24678385420407,89.36316454490614,13021519,Shumate Middle School,115916,17TLG222692,175.4,2019-09-22T04:00:00Z,27381,GLOBE Observer App,2019-09-22T16:31:00Z,https://data.globe.gov/system/photos/2019/09/22/1214700/original.jpg,https://data.globe.gov/system/photos/2019/09/22/1214701/original.jpg,https://data.globe.gov/system/photos/2019/09/22/1214702/original.jpg,https://data.globe.gov/system/photos/2019/09/22/1214703/original.jpg,https://data.globe.gov/system/photos/2019/09/22/1214704/original.jpg,42.1551,-83.1513,174.9,automatic,65,0,0,1,0,1,0,FALSE,-6,2019-09-21T22:00:00Z,5.83902263744161e-4,7.876406749848554e-4,09-21,Summer,264,FALSE,FALSE,18,Sep,2019,"c(-83.152057, 42.154752)",NA,NA,NA,NA,NA,NA,NA,NA,NA,NA,NA,NA,NA,NA,NA,NA,NA,NA,NA,NA,NA,NA,NA,0.361983299775421,0.29883542058771945,0.3391812796368596,173.1785301125289
https://data.globe.gov/system/photos/2019/09/25/1224857/original.jpg,137.07328024786736,118.03343653500173,149.29467206772563,124.08166859617822,17043304,United States of America Citizen Science,169144,18TVN560410,337.6,2019-09-25T04:00:00Z,27505,GLOBE Observer App,2019-09-25T14:50:00Z,https://data.globe.gov/system/photos/2019/09/25/1224858/original.jpg,https://data.globe.gov/system/photos/2019/09/25/1224859/original.jpg,https://data.globe.gov/system/photos/2019/09/25/1224860/original.jpg,https://data.globe.gov/system/photos/2019/09/25/1224861/original.jpg,https://data.globe.gov/system/photos/2019/09/25/1224862/original.jpg,42.8204,-75.5379,337.6,automatic,7,0,0,0,0,1,0,FALSE,-5,2019-09-24T23:00:00Z,6.288178224937118e-5,8.572981481177585e-5,09-24,Fall,267,FALSE,FALSE,19,Sep,2019,"c(-75.538255, 42.820298)",NA,NA,NA,NA,NA,NA,NA,NA,NA,NA,NA,NA,NA,NA,NA,NA,NA,NA,NA,NA,NA,NA,NA,0.38142806021899006,0.31701218473426823,0.30155975504674176,227.19386375886964
https://data.globe.gov/system/photos/2019/10/01/1225025/original.jpg,107.67573080294801,108.57935715672207,109.60199845673277,95.38710455268472,24126901,National Kinmen Senior High School,102440,50RPN332030,22.2,2019-10-01T04:00:00Z,27512,GLOBE Observer App,2019-10-01T04:28:00Z,https://data.globe.gov/system/photos/2019/10/01/1225026/original.jpg,https://data.globe.gov/system/photos/2019/10/01/1225027/original.jpg,https://data.globe.gov/system/photos/2019/10/01/1225030/original.jpg,https://data.globe.gov/system/photos/2019/10/01/1225032/original.jpg,https://data.globe.gov/system/photos/2019/10/01/1225035/original.jpg,24.4357,118.314,21.9,automatic,32,0,0,0,1,1,0,FALSE,8,2019-10-01T12:00:00Z,2.8745957599712543e-4,3.157418053519207e-4,10-01,Fall,274,FALSE,FALSE,8,Oct,2019,"c(118.313968, 24.434816)",NA,NA,NA,NA,NA,NA,NA,NA,NA,NA,NA,NA,NA,NA,NA,NA,NA,NA,NA,NA,NA,NA,NA,0.3495313221191372,0.30419865729526907,0.3462700205855937,181.38570666185765
https://data.globe.gov/system/photos/2019/11/12/1358203/original.jpg,40.506038006096695,41.71355004938097,39.958033641525205,40.16070871941809,11950750,III. osnovna skola Varazdin,181199,33TXM023304,173.6,2019-11-12T05:00:00Z,28766,GLOBE Observer App,2019-11-12T16:05:00Z,https://data.globe.gov/system/photos/2019/11/12/1358204/original.jpg,https://data.globe.gov/system/photos/2019/11/12/1358206/original.jpg,https://data.globe.gov/system/photos/2019/11/12/1358208/original.jpg,https://data.globe.gov/system/photos/2019/11/12/1358211/original.jpg,https://data.globe.gov/system/photos/2019/11/12/1358214/original.jpg,46.3197,16.329,173.7,automatic,15,0,1,0,0,1,1,FALSE,1,2019-11-12T06:00:00Z,1.3474667624865252e-4,1.951058255507814e-4,11-12,Fall,316,FALSE,FALSE,1,Nov,2019,"c(16.328827, 46.319454)",NA,NA,NA,NA,NA,NA,NA,NA,NA,NA,NA,NA,NA,NA,NA,NA,NA,NA,NA,NA,NA,NA,NA,0.32797571851433943,0.32963927645848684,0.34238500502717367,70.3530186634903
https://data.globe.gov/system/photos/2019/11/12/1358739/original.jpg,112.21305400169591,123.32474004418837,110.3154253431302,92.84036889799471,32402168,"College of Earth, Ocean, Atmospheric Sciences (CEOAS) GLOBE v-School",176062,10TDQ769350,76.7,2019-11-12T05:00:00Z,28769,GLOBE Observer App,2019-11-12T18:18:00Z,https://data.globe.gov/system/photos/2019/11/12/1358741/original.jpg,https://data.globe.gov/system/photos/2019/11/12/1358745/original.jpg,https://data.globe.gov/system/photos/2019/11/12/1358749/original.jpg,https://data.globe.gov/system/photos/2019/11/12/1358751/original.jpg,https://data.globe.gov/system/photos/2019/11/12/1358756/original.jpg,44.5682,-123.2898,76.3,automatic,5,0,0,0,0,0,1,FALSE,-8,2019-11-11T21:00:00Z,4.4915558749550845e-5,6.304684530852221e-5,11-11,Fall,315,FALSE,FALSE,16,Nov,2019,"c(-123.290912, 44.567967)",NA,NA,NA,NA,NA,NA,NA,NA,NA,NA,NA,NA,NA,NA,NA,NA,NA,NA,NA,NA,NA,NA,NA,0.33789281062228627,0.2843672413769727,0.37773994800074095,189.73091122091338
https://data.globe.gov/system/photos/2019/11/21/1393304/original.jpg,158.01936451533103,172.2364467594819,156.71114438666453,127.46688753862553,61882160,Govt. Sr. Sec. School devata,182734,43RDJ226715,500.9,2019-11-21T05:00:00Z,28980,GLOBE Observer App,2019-11-21T05:28:00Z,rejected,https://data.globe.gov/system/photos/2019/11/21/1393306/original.jpg,https://data.globe.gov/system/photos/2019/11/21/1393307/original.jpg,https://data.globe.gov/system/photos/2019/11/21/1393308/original.jpg,https://data.globe.gov/system/photos/2019/11/21/1393309/original.jpg,25.961,74.2269,501.1,automatic,1700,0,0,0,1,1,0,FALSE,5,2019-11-21T10:00:00Z,0.01527128997484728,0.01698523188397262,11-21,Fall,325,FALSE,TRUE,5,Nov,2019,"c(74.226876, 25.960156)",NA,NA,NA,NA,NA,NA,NA,NA,NA,NA,NA,NA,NA,NA,NA,NA,NA,NA,NA,NA,NA,NA,NA,0.3433527017772346,0.27927879918696014,0.37736849903580516,265.46484472730936
https://data.globe.gov/system/photos/2019/11/24/1387044/original.jpg,162.41222628133193,162.9761718759441,162.533457681001,160.30887041770254,11950750,III. osnovna skola Varazdin,140432,33TXM003266,173,2019-11-24T05:00:00Z,28930,GLOBE Observer App,2019-11-24T11:05:00Z,https://data.globe.gov/system/photos/2019/11/24/1387045/original.jpg,https://data.globe.gov/system/photos/2019/11/24/1387046/original.jpg,https://data.globe.gov/system/photos/2019/11/24/1387047/original.jpg,https://data.globe.gov/system/photos/2019/11/24/1387048/original.jpg,https://data.globe.gov/system/photos/2019/11/24/1387049/original.jpg,46.286,16.3023,173,automatic,14,0,1,1,1,1,0,FALSE,1,2019-11-24T06:00:00Z,1.2576356449874236e-4,1.819867136859514e-4,11-24,Fall,328,FALSE,FALSE,1,Nov,2019,"c(16.302044, 46.285562)",NA,NA,NA,NA,NA,NA,NA,NA,NA,NA,NA,NA,NA,NA,NA,NA,NA,NA,NA,NA,NA,NA,NA,0.3345559250820683,0.32997687495652844,0.3354671999614032,280.49472615305757
https://data.globe.gov/system/photos/2019/12/01/1397166/original.jpg,140.95225892685167,156.3726378344554,137.48381471977206,118.36702608595564,2566459,Federal Ministry of Education,183875,32PLQ312950,462.8,2019-12-01T05:00:00Z,29022,GLOBE Observer App,2019-12-01T14:55:00Z,https://data.globe.gov/system/photos/2019/12/01/1397167/original.jpg,https://data.globe.gov/system/photos/2019/12/01/1397168/original.jpg,https://data.globe.gov/system/photos/2019/12/01/1397169/original.jpg,https://data.globe.gov/system/photos/2019/12/01/1397170/original.jpg,https://data.globe.gov/system/photos/2019/12/01/1397171/original.jpg,8.9988,7.4651,467.2,automatic,116,0,0,0,1,1,0,FALSE,0,2019-12-01T05:00:00Z,0.00104204096298957,0.00105502663517079,12-01,Fall,335,FALSE,TRUE,0,Dec,2019,"c(7.464438, 8.998137)",NA,NA,NA,NA,NA,NA,NA,NA,NA,NA,NA,NA,NA,NA,NA,NA,NA,NA,NA,NA,NA,NA,NA,0.3335176714662033,0.287142853862709,0.3793394746710877,239.5098203365358
https://data.globe.gov/system/photos/2019/12/10/1410852/original.jpg,120.2788204378716,119.96180924350229,121.79768308365074,113.2894693265093,59073401,SHRI NATUBHAI V. PATEL COLLEGE OF PURE AND APPLIED SCIENCES,184828,43QBE865950,42.3,2019-12-10T05:00:00Z,29130,GLOBE Observer App,2019-12-10T04:35:00Z,https://data.globe.gov/system/photos/2019/12/10/1410853/original.jpg,https://data.globe.gov/system/photos/2019/12/10/1410854/original.jpg,https://data.globe.gov/system/photos/2019/12/10/1410855/original.jpg,https://data.globe.gov/system/photos/2019/12/10/1410856/original.jpg,https://data.globe.gov/system/photos/2019/12/10/1410857/original.jpg,22.5489,72.9243,43,automatic,3,0,0,0,1,1,0,FALSE,5,2019-12-10T10:00:00Z,2.6949335249730506e-5,2.9180076562351943e-5,12-10,Fall,344,FALSE,FALSE,5,Dec,2019,"c(72.923866, 22.548283)",NA,NA,NA,NA,NA,NA,NA,NA,NA,NA,NA,NA,NA,NA,NA,NA,NA,NA,NA,NA,NA,NA,NA,0.34304475224028413,0.31908125797314446,0.3378739897865714,205.0853850029347
https://data.globe.gov/system/photos/2020/02/22/1494619/original.jpg,140.83659409911021,143.3688940428077,140.8665771484375,134.04047363295513,15693220,"OŠ Ivana Filipovića, Osijek",190585,34TCR286672,78.9,2020-02-22T05:00:00Z,30127,GLOBE Observer App,2020-02-22T14:09:00Z,https://data.globe.gov/system/photos/2020/02/22/1494620/original.jpg,https://data.globe.gov/system/photos/2020/02/22/1494621/original.jpg,https://data.globe.gov/system/photos/2020/02/22/1494622/original.jpg,https://data.globe.gov/system/photos/2020/02/22/1494623/original.jpg,https://data.globe.gov/system/photos/2020/02/22/1494624/original.jpg,45.7373,18.7979,80.2,automatic,122,0,0,1,1,0,0,FALSE,1,2020-02-22T06:00:00Z,0.00109593963348904,0.00157022833253928,02-22,Winter,53,FALSE,TRUE,1,Feb,2020,"c(18.796851, 45.737112)",NA,NA,NA,NA,NA,NA,NA,NA,NA,NA,NA,NA,NA,NA,NA,NA,NA,NA,NA,NA,NA,NA,NA,0.3367790543337202,0.3204594366269181,0.3427615090393617,241.5882466270275
https://data.globe.gov/system/photos/2020/03/13/1522578/original.jpg,190.10685219354139,185.358360768333,191.08738797415043,197.5123296754236,17043304,United States of America Citizen Science,192501,13SCD863647,2831.2,2020-03-13T04:00:00Z,30436,GLOBE Observer App,2020-03-13T23:04:00Z,https://data.globe.gov/system/photos/2020/03/13/1522579/original.jpg,https://data.globe.gov/system/photos/2020/03/13/1522580/original.jpg,https://data.globe.gov/system/photos/2020/03/13/1522581/original.jpg,https://data.globe.gov/system/photos/2020/03/13/1522582/original.jpg,https://data.globe.gov/system/photos/2020/03/13/1522583/original.jpg,39.4252,-106.3204,2827.4,automatic,5,1,0,0,0,0,1,FALSE,-7,2020-03-12T21:00:00Z,4.4915558749550845e-5,5.814655575388508e-5,03-12,Winter,72,FALSE,FALSE,17,Mar,2020,"c(-106.320962, 39.424338)",NA,NA,NA,NA,NA,NA,NA,NA,NA,NA,NA,NA,NA,NA,NA,NA,NA,NA,NA,NA,NA,NA,NA,0.3329291722853267,0.34412326806142113,0.32294755965325217,331.48639809699614
https://data.globe.gov/system/photos/2020/03/14/1525709/original.jpg,122.72282177769797,121.75606081409248,123.67431527139682,120.35909236490812,17501721,United Kingdom Citizen Science,178850,30UXE648014,62.4,2020-03-14T04:00:00Z,30478,GLOBE Observer App,2020-03-14T10:22:00Z,https://data.globe.gov/system/photos/2020/03/14/1525710/original.jpg,https://data.globe.gov/system/photos/2020/03/14/1525711/original.jpg,https://data.globe.gov/system/photos/2020/03/14/1525712/original.jpg,https://data.globe.gov/system/photos/2020/03/14/1525713/original.jpg,https://data.globe.gov/system/photos/2020/03/14/1525714/original.jpg,53.2371,-0.5293,58.9,automatic,65,0,1,1,0,0,0,FALSE,-0,2020-03-14T04:00:00Z,5.83902263744161e-4,9.756013361942162e-4,03-14,Winter,74,FALSE,FALSE,0,Mar,2020,"c(-0.530627, 53.236271)",NA,NA,NA,NA,NA,NA,NA,NA,NA,NA,NA,NA,NA,NA,NA,NA,NA,NA,NA,NA,NA,NA,NA,0.3381024494645,0.3290392500221185,0.33285830051338156,211.2017654228258
https://data.globe.gov/system/photos/2020/04/18/1600186/original.jpg,100.8260542310151,100.14175714728343,107.76123059318411,66.91075865400906,17043304,United States of America Citizen Science,196235,17TPG306915,353.1,2020-04-18T04:00:00Z,31121,GLOBE Observer App,2020-04-18T21:39:00Z,https://data.globe.gov/system/photos/2020/04/18/1600187/original.jpg,https://data.globe.gov/system/photos/2020/04/18/1600188/original.jpg,https://data.globe.gov/system/photos/2020/04/18/1600189/original.jpg,https://data.globe.gov/system/photos/2020/04/18/1600190/original.jpg,https://data.globe.gov/system/photos/2020/04/18/1600191/original.jpg,42.3651,-79.4131,357.5,automatic,10,0,0,1,1,1,0,FALSE,-5,2020-04-17T23:00:00Z,8.983111749910169e-5,1.2157972548266606e-4,04-17,Spring,108,FALSE,FALSE,19,Apr,2020,"c(-79.413969, 42.364809)",NA,NA,NA,NA,NA,NA,NA,NA,NA,NA,NA,NA,NA,NA,NA,NA,NA,NA,NA,NA,NA,NA,NA,0.39212460077779415,0.24347675300770136,0.36439864621450446,161.6103461018444
https://data.globe.gov/system/photos/2020/06/14/1685740/original.jpg,94.17360111837048,89.03715133140659,100.85756655121499,73.22895881573344,17043304,United States of America Citizen Science,202967,16SDB930789,181.2,2020-06-14T04:00:00Z,32186,GLOBE Observer App,2020-06-14T17:39:00Z,https://data.globe.gov/system/photos/2020/06/14/1685741/original.jpg,https://data.globe.gov/system/photos/2020/06/14/1685742/original.jpg,https://data.globe.gov/system/photos/2020/06/14/1685743/original.jpg,https://data.globe.gov/system/photos/2020/06/14/1685744/original.jpg,https://data.globe.gov/system/photos/2020/06/14/1685745/original.jpg,33.2496,-87.0743,175.6,automatic,3,0,0,0,0,1,0,FALSE,-6,2020-06-13T22:00:00Z,2.6949335249730506e-5,3.2224869096905264e-5,06-13,Spring,165,FALSE,FALSE,18,Jun,2020,"c(-87.075146, 33.249053)",NA,NA,NA,NA,NA,NA,NA,NA,NA,NA,NA,NA,NA,NA,NA,NA,NA,NA,NA,NA,NA,NA,NA,0.38330859395385425,0.27830623125444964,0.33838517479169605,153.17422582497665
https://data.globe.gov/system/photos/2020/06/21/1704710/original.jpg,130.78301437050217,127.59382627580244,133.59088854997995,124.68955031568126,17043304,United States of America Citizen Science,204528,10TET740761,107.9,2020-06-21T04:00:00Z,33122,GLOBE Observer App,2020-06-21T21:38:00Z,https://data.globe.gov/system/photos/2020/06/21/1704711/original.jpg,https://data.globe.gov/system/photos/2020/06/21/1704712/original.jpg,https://data.globe.gov/system/photos/2020/06/21/1704713/original.jpg,https://data.globe.gov/system/photos/2020/06/21/1704714/original.jpg,https://data.globe.gov/system/photos/2020/06/21/1704715/original.jpg,47.6345,-122.0149,107,automatic,4,0,0,0,1,1,0,FALSE,-8,2020-06-20T20:00:00Z,3.593244699964068e-5,5.332350085717544e-5,06-20,Spring,172,FALSE,FALSE,16,Jun,2020,"c(-122.014925, 47.63407)",NA,NA,NA,NA,NA,NA,NA,NA,NA,NA,NA,NA,NA,NA,NA,NA,NA,NA,NA,NA,NA,NA,NA,0.346203156359766,0.32313518049712225,0.33066166314311174,222.8770826379411
https://data.globe.gov/system/photos/2020/06/21/1710287/original.jpg,127.17669003887717,128.78322245096845,129.9710528119126,108.5745484683389,17043304,United States of America Citizen Science,205024,16TDM023254,214.3,2020-06-21T04:00:00Z,33487,GLOBE Observer App,2020-06-21T21:58:00Z,https://data.globe.gov/system/photos/2020/06/21/1710288/original.jpg,https://data.globe.gov/system/photos/2020/06/21/1710289/original.jpg,https://data.globe.gov/system/photos/2020/06/21/1710291/original.jpg,https://data.globe.gov/system/photos/2020/06/21/1710292/original.jpg,https://data.globe.gov/system/photos/2020/06/21/1710293/original.jpg,41.7749,-88.1755,214.4,automatic,541,0,0,0,0,1,0,FALSE,-6,2020-06-20T22:00:00Z,0.0048598634567014,0.00651658957044446,06-20,Spring,172,FALSE,TRUE,18,Jun,2020,"c(-88.175549, 41.774433)",NA,NA,NA,NA,NA,NA,NA,NA,NA,NA,NA,NA,NA,NA,NA,NA,NA,NA,NA,NA,NA,NA,NA,0.3538275365698348,0.29557862452902567,0.35059383890113965,212.75813857287875
https://data.globe.gov/system/photos/2020/06/23/1713047/original.jpg,119.52692158664951,119.42635688154976,121.42958047559773,109.99365912216902,17043304,United States of America Citizen Science,205258,14RPU056608,218.7,2020-06-23T04:00:00Z,33649,GLOBE Observer App,2020-06-23T22:47:00Z,https://data.globe.gov/system/photos/2020/06/23/1713048/original.jpg,https://data.globe.gov/system/photos/2020/06/23/1713049/original.jpg,https://data.globe.gov/system/photos/2020/06/23/1713050/original.jpg,https://data.globe.gov/system/photos/2020/06/23/1713051/original.jpg,https://data.globe.gov/system/photos/2020/06/23/1713052/original.jpg,30.3753,-97.9006,225.4,automatic,8,0,0,0,1,1,0,FALSE,-7,2020-06-22T21:00:00Z,7.186489399928136e-5,8.329923521384828e-5,06-22,Summer,174,FALSE,FALSE,17,Jun,2020,"c(-97.900989, 30.374533)",NA,NA,NA,NA,NA,NA,NA,NA,NA,NA,NA,NA,NA,NA,NA,NA,NA,NA,NA,NA,NA,NA,NA,0.34610152525216403,0.3135065858017979,0.34039188894603806,202.74714000341132
https://data.globe.gov/system/photos/2020/06/25/1725014/original.jpg,111.83368818042571,109.10421344506516,113.15264371131701,112.20110966421707,17043304,United States of America Citizen Science,206200,14RPU175734,275.4,2020-06-25T04:00:00Z,34064,GLOBE Observer App,2020-06-25T12:39:00Z,https://data.globe.gov/system/photos/2020/06/25/1725015/original.jpg,https://data.globe.gov/system/photos/2020/06/25/1725016/original.jpg,https://data.globe.gov/system/photos/2020/06/25/1725017/original.jpg,https://data.globe.gov/system/photos/2020/06/25/1725018/original.jpg,https://data.globe.gov/system/photos/2020/06/25/1725019/original.jpg,30.4879,-97.7747,278.5,automatic,13,0,0,1,0,1,0,FALSE,-7,2020-06-24T21:00:00Z,1.167804527488322e-4,1.355176163228839e-4,06-24,Summer,176,FALSE,FALSE,17,Jun,2020,"c(-97.775745, 30.48711)",NA,NA,NA,NA,NA,NA,NA,NA,NA,NA,NA,NA,NA,NA,NA,NA,NA,NA,NA,NA,NA,NA,NA,0.3383164849890128,0.3354714816059409,0.3262120334050462,193.1226014225374
https://data.globe.gov/system/photos/2020/08/01/1808953/original.jpg,126.16404328570779,128.56405198542248,129.27258617522799,103.86301453490486,32402168,"College of Earth, Ocean, Atmospheric Sciences (CEOAS) GLOBE v-School",211457,10TFR037209,1813.2,2020-08-01T04:00:00Z,35759,GLOBE Observer App,2020-08-01T22:10:00Z,https://data.globe.gov/system/photos/2020/08/01/1808954/original.jpg,https://data.globe.gov/system/photos/2020/08/01/1808955/original.jpg,https://data.globe.gov/system/photos/2020/08/01/1808956/original.jpg,https://data.globe.gov/system/photos/2020/08/01/1808957/original.jpg,https://data.globe.gov/system/photos/2020/08/01/1808958/original.jpg,45.3344,-121.6763,1821.7,automatic,5,0,0,0,1,1,0,FALSE,-8,2020-07-31T20:00:00Z,4.4915558749550845e-5,6.389418928338867e-5,07-31,Summer,213,FALSE,FALSE,16,Jul,2020,"c(-121.676554, 45.333941)",NA,NA,NA,NA,NA,NA,NA,NA,NA,NA,NA,NA,NA,NA,NA,NA,NA,NA,NA,NA,NA,NA,NA,0.35740312497351906,0.2871526520992459,0.35544422292723515,209.82765019801374
https://data.globe.gov/system/photos/2020/09/13/1889741/original.jpg,124.00032725372486,126.2792716986604,123.58478460761854,120.16277592227115,32402168,"College of Earth, Ocean, Atmospheric Sciences (CEOAS) GLOBE v-School",141885,10TER257383,11.6,2020-09-13T04:00:00Z,36913,GLOBE Observer App,2020-09-13T00:35:00Z,https://data.globe.gov/system/photos/2020/09/13/1889742/original.jpg,https://data.globe.gov/system/photos/2020/09/13/1889743/original.jpg,https://data.globe.gov/system/photos/2020/09/13/1889744/original.jpg,https://data.globe.gov/system/photos/2020/09/13/1889745/original.jpg,https://data.globe.gov/system/photos/2020/09/13/1889746/original.jpg,45.4979,-122.6707,11.8,automatic,5,0,0,0,1,1,0,FALSE,-8,2020-09-12T20:00:00Z,4.4915558749550845e-5,6.407945493463634e-5,09-12,Summer,256,FALSE,FALSE,16,Sep,2020,"c(-122.671061, 45.497758)",NA,NA,NA,NA,NA,NA,NA,NA,NA,NA,NA,NA,NA,NA,NA,NA,NA,NA,NA,NA,NA,NA,NA,0.3339887106654076,0.32474070920362774,0.34127058013096456,213.6790728279246
https://data.globe.gov/system/photos/2020/09/24/1915895/original.jpg,69.39115073206302,70.84478057487567,69.26885368440159,66.20828269689615,69036901,BanNongSanomDontiw School,216122,48PUC075205,144.1,2020-09-24T04:00:00Z,37280,GLOBE Observer App,2020-09-24T05:43:00Z,https://data.globe.gov/system/photos/2020/09/24/1915896/original.jpg,https://data.globe.gov/system/photos/2020/09/24/1915897/original.jpg,https://data.globe.gov/system/photos/2020/09/24/1915901/original.jpg,https://data.globe.gov/system/photos/2020/09/24/1915902/original.jpg,https://data.globe.gov/system/photos/2020/09/24/1915906/original.jpg,15.5554,103.2053,144.5,automatic,18,0,0,0,1,1,0,FALSE,7,2020-09-24T11:00:00Z,1.6169601149838305e-4,1.678438625091487e-4,09-24,Fall,268,FALSE,FALSE,7,Sep,2020,"c(103.204967, 15.554803)",NA,NA,NA,NA,NA,NA,NA,NA,NA,NA,NA,NA,NA,NA,NA,NA,NA,NA,NA,NA,NA,NA,NA,0.3357319217769558,0.32089796214407995,0.34337011607896417,119.1666636401533
https://data.globe.gov/system/photos/2021/04/15/2207366/original.jpg,131.75773383800498,117.98824106278573,142.49176642886908,112.6016040823336,13068008,Ivano-Frankivsk City Environmental Station,234845,35ULQ310201,259.8,2021-04-15T04:00:00Z,39675,GLOBE Observer App,2021-04-15T09:59:00Z,https://data.globe.gov/system/photos/2021/04/15/2207367/original.jpg,https://data.globe.gov/system/photos/2021/04/15/2207368/original.jpg,https://data.globe.gov/system/photos/2021/04/15/2207369/original.jpg,https://data.globe.gov/system/photos/2021/04/15/2207370/original.jpg,https://data.globe.gov/system/photos/2021/04/15/2207371/original.jpg,48.9109,24.6942,261.2,manual,NA,0,0,0,0,0,0,FALSE,2,2021-04-15T06:00:00Z,NA,NA,04-15,Spring,105,FALSE,NA,2,Apr,2021,"c(24.693476, 48.910761)",NA,NA,NA,NA,NA,NA,NA,NA,NA,NA,NA,NA,NA,NA,NA,NA,NA,NA,NA,NA,NA,NA,NA,0.38193189374226383,0.3018149396516231,0.3162531666061131,216.5738898644618
https://data.globe.gov/system/photos/2021/05/22/2258427/original.jpg,129.60967273371583,101.7557186356091,137.51248740229016,161.97265576315453,32402168,"College of Earth, Ocean, Atmospheric Sciences (CEOAS) GLOBE v-School",238686,10TER155706,6,2021-05-22T04:00:00Z,40081,GLOBE Observer App,2021-05-22T21:24:00Z,https://data.globe.gov/system/photos/2021/05/22/2258428/original.jpg,https://data.globe.gov/system/photos/2021/05/22/2258429/original.jpg,https://data.globe.gov/system/photos/2021/05/22/2258430/original.jpg,https://data.globe.gov/system/photos/2021/05/22/2258431/original.jpg,https://data.globe.gov/system/photos/2021/05/22/2258432/original.jpg,45.7889,-122.8003,3.9,automatic,3,0,1,0,1,1,0,FALSE,-8,2021-05-21T20:00:00Z,2.6949335249730506e-5,3.86479012038863e-5,05-21,Spring,141,FALSE,FALSE,16,May,2021,"c(-122.800583, 45.788787)",NA,NA,NA,NA,NA,NA,NA,NA,NA,NA,NA,NA,NA,NA,NA,NA,NA,NA,NA,NA,NA,NA,NA,0.342718054150907,0.40367936365231166,0.2536025821967813,235.5823670854498
https://data.globe.gov/system/photos/2021/06/08/2290027/original.jpg,128.07562686162072,115.62947510823618,138.63261951136886,106.36022934838122,32402168,"College of Earth, Ocean, Atmospheric Sciences (CEOAS) GLOBE v-School",240646,14TPP278361,450,2021-06-08T04:00:00Z,40525,GLOBE Observer App,2021-06-08T15:53:00Z,https://data.globe.gov/system/photos/2021/06/08/2290028/original.jpg,https://data.globe.gov/system/photos/2021/06/08/2290029/original.jpg,https://data.globe.gov/system/photos/2021/06/08/2290030/original.jpg,https://data.globe.gov/system/photos/2021/06/08/2290031/original.jpg,https://data.globe.gov/system/photos/2021/06/08/2290032/original.jpg,43.6678,-97.4146,448.4,automatic,4,0,0,0,1,1,0,FALSE,-6,2021-06-07T22:00:00Z,3.593244699964068e-5,4.9674685119576176e-5,06-07,Spring,158,FALSE,FALSE,18,Jun,2021,"c(-97.41482, 43.666917)",NA,NA,NA,NA,NA,NA,NA,NA,NA,NA,NA,NA,NA,NA,NA,NA,NA,NA,NA,NA,NA,NA,NA,0.38442606099914045,0.2949352335653608,0.3206387054354989,209.52727052446045
https://data.globe.gov/system/photos/2021/06/17/2287159/original.jpg,149.90316701876276,148.77260402376686,153.8091632374532,132.75596136287027,17043304,United States of America Citizen Science,240460,14SPB728411,193.1,2021-06-17T04:00:00Z,40446,GLOBE Observer App,2021-06-17T22:09:00Z,https://data.globe.gov/system/photos/2021/06/17/2287160/original.jpg,https://data.globe.gov/system/photos/2021/06/17/2287161/original.jpg,https://data.globe.gov/system/photos/2021/06/17/2287162/original.jpg,https://data.globe.gov/system/photos/2021/06/17/2287163/original.jpg,https://data.globe.gov/system/photos/2021/06/17/2287164/original.jpg,32.8949,-97.1516,195,automatic,65,0,0,0,1,1,0,FALSE,-6,2021-06-16T22:00:00Z,5.83902263744161e-4,6.953964157429989e-4,06-16,Spring,167,FALSE,FALSE,18,Jun,2021,"c(-97.152535, 32.894458)",NA,NA,NA,NA,NA,NA,NA,NA,NA,NA,NA,NA,NA,NA,NA,NA,NA,NA,NA,NA,NA,NA,NA,0.35330997780407364,0.3049493591618007,0.3417406630341256,251.82273861031288
https://data.globe.gov/system/photos/2021/06/24/2299705/original.jpg,87.13397686327924,77.82627343394932,98.43665752161219,53.34739597619499,17043304,United States of America Citizen Science,241354,18SUJ197098,78.1,2021-06-24T04:00:00Z,40813,GLOBE Observer App,2021-06-24T16:19:00Z,https://data.globe.gov/system/photos/2021/06/24/2299706/original.jpg,https://data.globe.gov/system/photos/2021/06/24/2299707/original.jpg,https://data.globe.gov/system/photos/2021/06/24/2299708/original.jpg,https://data.globe.gov/system/photos/2021/06/24/2299709/original.jpg,https://data.globe.gov/system/photos/2021/06/24/2299710/original.jpg,38.9192,-77.0786,87.5,automatic,50,0,0,1,1,1,0,FALSE,-5,2021-06-23T23:00:00Z,4.491555874955084e-4,5.772965627699867e-4,06-23,Summer,174,FALSE,FALSE,19,Jun,2021,"c(-77.079706, 38.918602)",NA,NA,NA,NA,NA,NA,NA,NA,NA,NA,NA,NA,NA,NA,NA,NA,NA,NA,NA,NA,NA,NA,NA,0.42871180419889815,0.23233883549170942,0.33894936030939243,136.35486437265067
https://data.globe.gov/system/photos/2021/06/25/2308810/original.jpg,102.31660891058331,93.39453703732525,104.71685413852786,113.35832418809396,17043304,United States of America Citizen Science,242021,14RPU190831,287.1,2021-06-25T04:00:00Z,41109,GLOBE Observer App,2021-06-25T00:26:00Z,https://data.globe.gov/system/photos/2021/06/25/2308811/original.jpg,https://data.globe.gov/system/photos/2021/06/25/2308812/original.jpg,https://data.globe.gov/system/photos/2021/06/25/2308813/original.jpg,https://data.globe.gov/system/photos/2021/06/25/2308814/original.jpg,https://data.globe.gov/system/photos/2021/06/25/2308815/original.jpg,30.5751,-97.7584,287.7,automatic,10,0,0,1,1,1,0,FALSE,-7,2021-06-24T21:00:00Z,8.983111749910169e-5,1.0433793312767778e-4,06-24,Summer,175,FALSE,FALSE,17,Jun,2021,"c(-97.759007, 30.574473)",NA,NA,NA,NA,NA,NA,NA,NA,NA,NA,NA,NA,NA,NA,NA,NA,NA,NA,NA,NA,NA,NA,NA,0.33620236245494367,0.36394653668218335,0.2998511008628731,180.38367096779865
https://data.globe.gov/system/photos/2021/06/27/2304557/original.jpg,89.44203232854953,91.94618259664097,95.05414211243793,53.976686944407035,17043304,United States of America Citizen Science,241671,16SEK728042,219.9,2021-06-27T04:00:00Z,40954,GLOBE Observer App,2021-06-27T18:34:00Z,https://data.globe.gov/system/photos/2021/06/27/2304558/original.jpg,https://data.globe.gov/system/photos/2021/06/27/2304559/original.jpg,https://data.globe.gov/system/photos/2021/06/27/2304560/original.jpg,https://data.globe.gov/system/photos/2021/06/27/2304561/original.jpg,https://data.globe.gov/system/photos/2021/06/27/2304562/original.jpg,39.7853,-86.1496,219.8,automatic,9,0,0,0,0,1,0,FALSE,-6,2021-06-26T22:00:00Z,8.084800574919152e-5,1.0520950600247592e-4,06-26,Summer,177,FALSE,FALSE,18,Jun,2021,"c(-86.149809, 39.784636)",NA,NA,NA,NA,NA,NA,NA,NA,NA,NA,NA,NA,NA,NA,NA,NA,NA,NA,NA,NA,NA,NA,NA,0.3944531532705763,0.22399102127643228,0.38155582545299144,142.83862628967316
https://data.globe.gov/system/photos/2021/06/30/2309899/original.jpg,121.82785172306409,127.93847663987499,120.14016916211715,114.49094660530326,17043304,United States of America Citizen Science,242102,13RCR830088,1221.6,2021-06-30T04:00:00Z,41164,GLOBE Observer App,2021-06-30T13:35:00Z,https://data.globe.gov/system/photos/2021/06/30/2309900/original.jpg,https://data.globe.gov/system/photos/2021/06/30/2309901/original.jpg,https://data.globe.gov/system/photos/2021/06/30/2309902/original.jpg,https://data.globe.gov/system/photos/2021/06/30/2309903/original.jpg,https://data.globe.gov/system/photos/2021/06/30/2309904/original.jpg,31.7088,-106.2337,1222,manual,NA,0,1,1,0,0,1,FALSE,-7,2021-06-29T21:00:00Z,NA,NA,06-29,Summer,180,FALSE,NA,17,Jun,2021,"c(-106.234748, 31.708603)",NA,NA,NA,NA,NA,NA,NA,NA,NA,NA,NA,NA,NA,NA,NA,NA,NA,NA,NA,NA,NA,NA,NA,0.3313575426015228,0.3157764716151071,0.3528659857833701,209.54734764680836
https://data.globe.gov/system/photos/2021/07/03/2330058/original.jpg,73.91160466137111,70.33848186799227,75.19434799458013,76.67821325145857,17043304,United States of America Citizen Science,240652,14RPR598617,5.6,2021-07-03T04:00:00Z,42077,GLOBE Observer App,2021-07-03T17:37:00Z,https://data.globe.gov/system/photos/2021/07/03/2330059/original.jpg,https://data.globe.gov/system/photos/2021/07/03/2330061/original.jpg,https://data.globe.gov/system/photos/2021/07/03/2330062/original.jpg,https://data.globe.gov/system/photos/2021/07/03/2330064/original.jpg,https://data.globe.gov/system/photos/2021/07/03/2330065/original.jpg,27.6703,-97.3793,5.8,automatic,3,0,0,0,1,1,0,FALSE,-6,2021-07-02T22:00:00Z,2.6949335249730506e-5,3.0429411181548323e-5,07-02,Summer,183,FALSE,FALSE,18,Jul,2021,"c(-97.379769, 27.670028)",NA,NA,NA,NA,NA,NA,NA,NA,NA,NA,NA,NA,NA,NA,NA,NA,NA,NA,NA,NA,NA,NA,NA,0.3383915890984455,0.34506931868417534,0.3165390922173792,128.37928333364403
https://data.globe.gov/system/photos/2021/07/04/2315169/original.jpg,138.7808057270088,123.2312757200834,149.14530178319572,126.19615912242236,17043304,United States of America Citizen Science,242544,18STJ738264,124,2021-07-04T04:00:00Z,41395,GLOBE Observer App,2021-07-04T17:55:00Z,https://data.globe.gov/system/photos/2021/07/04/2315170/original.jpg,https://data.globe.gov/system/photos/2021/07/04/2315171/original.jpg,https://data.globe.gov/system/photos/2021/07/04/2315172/original.jpg,https://data.globe.gov/system/photos/2021/07/04/2315173/original.jpg,https://data.globe.gov/system/photos/2021/07/04/2315174/original.jpg,39.0578,-77.6141,122.9,automatic,8,0,0,0,1,1,0,FALSE,-5,2021-07-03T23:00:00Z,7.186489399928136e-5,9.254849070781157e-5,07-03,Summer,184,FALSE,FALSE,19,Jul,2021,"c(-77.614183, 39.057408)",NA,NA,NA,NA,NA,NA,NA,NA,NA,NA,NA,NA,NA,NA,NA,NA,NA,NA,NA,NA,NA,NA,NA,0.37419845382765765,0.3166201486604258,0.3091813975119165,230.9886121367274
https://data.globe.gov/system/photos/2021/07/15/2333347/original.jpg,111.81174260634414,102.51717992682431,113.6614003199212,126.6654721077429,17043304,United States of America Citizen Science,243986,17SNU130949,218.4,2021-07-15T04:00:00Z,42188,GLOBE Observer App,2021-07-15T17:28:00Z,https://data.globe.gov/system/photos/2021/07/15/2333348/original.jpg,https://data.globe.gov/system/photos/2021/07/15/2333349/original.jpg,https://data.globe.gov/system/photos/2021/07/15/2333350/original.jpg,https://data.globe.gov/system/photos/2021/07/15/2333351/original.jpg,https://data.globe.gov/system/photos/2021/07/15/2333352/original.jpg,35.1971,-80.8569,217.4,automatic,10,0,0,0,1,1,0,FALSE,-5,2021-07-14T23:00:00Z,8.983111749910169e-5,1.0992898630869984e-4,07-14,Summer,195,FALSE,FALSE,19,Jul,2021,"c(-80.857194, 35.197006)",NA,NA,NA,NA,NA,NA,NA,NA,NA,NA,NA,NA,NA,NA,NA,NA,NA,NA,NA,NA,NA,NA,NA,0.3315250754369202,0.36945506634245284,0.2990198582206269,198.67769861539983
https://data.globe.gov/system/photos/2021/07/16/2344580/original.jpg,136.07805605534992,134.87328211527486,136.9741334915161,134.62393283843994,17043304,United States of America Citizen Science,244823,10SEG442946,28,2021-07-16T04:00:00Z,42708,GLOBE Observer App,2021-07-16T03:29:00Z,https://data.globe.gov/system/photos/2021/07/16/2344581/original.jpg,https://data.globe.gov/system/photos/2021/07/16/2344582/original.jpg,https://data.globe.gov/system/photos/2021/07/16/2344583/original.jpg,https://data.globe.gov/system/photos/2021/07/16/2344584/original.jpg,https://data.globe.gov/system/photos/2021/07/16/2344585/original.jpg,37.898268,-122.496621,32.9,manual,NA,0,0,0,1,1,0,FALSE,-8,2021-07-15T20:00:00Z,NA,NA,07-15,Summer,196,FALSE,NA,16,Jul,2021,"c(-122.497266, 37.897846)",NA,NA,NA,NA,NA,NA,NA,NA,NA,NA,NA,NA,NA,NA,NA,NA,NA,NA,NA,NA,NA,NA,NA,0.33698348977227455,0.331201530817318,0.3318149794104075,234.68344374324104
https://data.globe.gov/system/photos/2021/07/18/2338495/original.jpg,116.67492537353495,110.19901461207098,120.8316077200566,112.25672168873582,32402168,"College of Earth, Ocean, Atmospheric Sciences (CEOAS) GLOBE v-School",244369,10TEP589951,418.9,2021-07-18T04:00:00Z,42405,GLOBE Observer App,2021-07-18T23:02:00Z,https://data.globe.gov/system/photos/2021/07/18/2338498/original.jpg,https://data.globe.gov/system/photos/2021/07/18/2338501/original.jpg,https://data.globe.gov/system/photos/2021/07/18/2338503/original.jpg,https://data.globe.gov/system/photos/2021/07/18/2338505/original.jpg,https://data.globe.gov/system/photos/2021/07/18/2338506/original.jpg,44.2074,-122.2624,410,automatic,4,0,0,0,1,1,0,FALSE,-8,2021-07-17T20:00:00Z,3.593244699964068e-5,5.012753402594625e-5,07-17,Summer,198,FALSE,FALSE,16,Jul,2021,"c(-122.262785, 44.206743)",NA,NA,NA,NA,NA,NA,NA,NA,NA,NA,NA,NA,NA,NA,NA,NA,NA,NA,NA,NA,NA,NA,NA,0.3519838695618008,0.32700512746521,0.32101100297298935,198.35743447117724
https://data.globe.gov/system/photos/2021/07/22/2343165/original.jpg,120.11841073731087,110.87790009161334,129.42259030629666,96.44612368535937,17615655,Thailand Citizen Science,244695,47PPR564398,5,2021-07-22T04:00:00Z,42623,GLOBE Observer App,2021-07-22T07:34:00Z,https://data.globe.gov/system/photos/2021/07/22/2343166/original.jpg,https://data.globe.gov/system/photos/2021/07/22/2343167/original.jpg,https://data.globe.gov/system/photos/2021/07/22/2343168/original.jpg,https://data.globe.gov/system/photos/2021/07/22/2343169/original.jpg,https://data.globe.gov/system/photos/2021/07/22/2343170/original.jpg,13.9244,100.448,4.3,automatic,65,0,0,0,1,1,1,FALSE,7,2021-07-22T11:00:00Z,5.83902263744161e-4,6.015802467554035e-4,07-22,Summer,203,FALSE,FALSE,7,Jul,2021,"c(100.44766, 13.92403)",NA,NA,NA,NA,NA,NA,NA,NA,NA,NA,NA,NA,NA,NA,NA,NA,NA,NA,NA,NA,NA,NA,NA,0.3843322691116756,0.28640562266057573,0.32926210822774865,195.8212715315906
https://data.globe.gov/system/photos/2021/07/29/2355821/original.jpg,126.32444559442645,125.75439071772259,126.95380772714857,124.57892661189217,17615655,Thailand Citizen Science,245788,47PPR702398,3.2,2021-07-29T04:00:00Z,43403,GLOBE Observer App,2021-07-29T07:42:00Z,https://data.globe.gov/system/photos/2021/07/29/2355822/original.jpg,https://data.globe.gov/system/photos/2021/07/29/2355823/original.jpg,https://data.globe.gov/system/photos/2021/07/29/2355824/original.jpg,https://data.globe.gov/system/photos/2021/07/29/2355825/original.jpg,https://data.globe.gov/system/photos/2021/07/29/2355826/original.jpg,13.924,100.5756,2.7,manual,NA,0,0,0,1,1,0,FALSE,7,2021-07-29T11:00:00Z,NA,NA,07-29,Summer,210,FALSE,NA,7,Jul,2021,"c(100.575362, 13.923238)",NA,NA,NA,NA,NA,NA,NA,NA,NA,NA,NA,NA,NA,NA,NA,NA,NA,NA,NA,NA,NA,NA,NA,0.3364912272266068,0.3301966018404395,0.33331217093295373,217.83329643784637
https://data.globe.gov/system/photos/2021/10/20/2479443/original.jpg,95.37260653114907,94.75683786604937,102.96528260024819,57.89202739210199,17043304,United States of America Citizen Science,52378,16SEJ191374,235.5,2021-10-20T04:00:00Z,45413,GLOBE Observer App,2021-10-20T17:31:00Z,https://data.globe.gov/system/photos/2021/10/20/2479444/original.jpg,https://data.globe.gov/system/photos/2021/10/20/2479445/original.jpg,https://data.globe.gov/system/photos/2021/10/20/2479446/original.jpg,https://data.globe.gov/system/photos/2021/10/20/2479447/original.jpg,https://data.globe.gov/system/photos/2021/10/20/2479448/original.jpg,39.1857,-86.7782,235.7,automatic,39,0,0,0,0,1,0,FALSE,-6,2021-10-19T22:00:00Z,3.503413582464966e-4,4.5199375610169464e-4,10-19,Fall,292,FALSE,FALSE,18,Oct,2021,"c(-86.778846, 39.185632)",NA,NA,NA,NA,NA,NA,NA,NA,NA,NA,NA,NA,NA,NA,NA,NA,NA,NA,NA,NA,NA,NA,NA,0.40281527240537174,0.22648209372265246,0.3707026338719758,151.43379602615008
https://data.globe.gov/system/photos/2021/10/26/2487388/original.jpg,109.2826487437128,107.16220964800546,117.86846364896013,70.63473593970974,17043304,United States of America Citizen Science,253406,16TDM192543,211.9,2021-10-26T04:00:00Z,45528,GLOBE Observer App,2021-10-26T15:11:00Z,https://data.globe.gov/system/photos/2021/10/26/2487389/original.jpg,https://data.globe.gov/system/photos/2021/10/26/2487390/original.jpg,https://data.globe.gov/system/photos/2021/10/26/2487391/original.jpg,https://data.globe.gov/system/photos/2021/10/26/2487392/original.jpg,https://data.globe.gov/system/photos/2021/10/26/2487393/original.jpg,42.0374,-87.975,212.2,automatic,65,0,1,1,1,1,0,FALSE,-6,2021-10-25T22:00:00Z,5.83902263744161e-4,7.861802352467611e-4,10-25,Fall,298,FALSE,FALSE,18,Oct,2021,"c(-87.976192, 42.036593)",NA,NA,NA,NA,NA,NA,NA,NA,NA,NA,NA,NA,NA,NA,NA,NA,NA,NA,NA,NA,NA,NA,NA,0.39865489829623035,0.23890091208866368,0.362444189615106,174.2583708775043
https://data.globe.gov/system/photos/2021/11/03/2496768/original.jpg,150.1209665237176,140.28453589382065,150.4475000001754,174.23866483777132,17043304,United States of America Citizen Science,253295,04VEP966424,59.3,2021-11-03T04:00:00Z,45726,GLOBE Observer App,2021-11-03T23:11:00Z,https://data.globe.gov/system/photos/2021/11/03/2496769/original.jpg,https://data.globe.gov/system/photos/2021/11/03/2496770/original.jpg,https://data.globe.gov/system/photos/2021/11/03/2496771/original.jpg,https://data.globe.gov/system/photos/2021/11/03/2496772/original.jpg,https://data.globe.gov/system/photos/2021/11/03/2496773/original.jpg,61.7026,-157.1731,60.1,automatic,8,1,0,0,0,0,0,FALSE,-10,2021-11-02T18:00:00Z,7.186489399928136e-5,1.5159826753637337e-4,11-02,Fall,306,FALSE,FALSE,14,Nov,2021,"c(-157.173301, 61.702544)",NA,NA,NA,NA,NA,NA,NA,NA,NA,NA,NA,NA,NA,NA,NA,NA,NA,NA,NA,NA,NA,NA,NA,0.32356339821713986,0.37473041755868886,0.30170618422417134,269.5798835070908
https://data.globe.gov/system/photos/2021/11/05/2499078/original.jpg,76.5733445716507,64.97099971100148,79.64276765128999,91.1992197142019,17043304,United States of America Citizen Science,254117,16TDM174593,216.3,2021-11-05T04:00:00Z,45750,GLOBE Observer App,2021-11-05T16:27:00Z,https://data.globe.gov/system/photos/2021/11/05/2499079/original.jpg,https://data.globe.gov/system/photos/2021/11/05/2499080/original.jpg,https://data.globe.gov/system/photos/2021/11/05/2499081/original.jpg,https://data.globe.gov/system/photos/2021/11/05/2499082/original.jpg,https://data.globe.gov/system/photos/2021/11/05/2499083/original.jpg,42.0817,-87.998,214.2,automatic,9,0,0,0,1,1,0,FALSE,-6,2021-11-04T22:00:00Z,8.084800574919152e-5,1.089316925804065e-4,11-04,Fall,308,FALSE,FALSE,18,Nov,2021,"c(-87.998641, 42.081432)",NA,NA,NA,NA,NA,NA,NA,NA,NA,NA,NA,NA,NA,NA,NA,NA,NA,NA,NA,NA,NA,NA,NA,0.3377369865785015,0.3867438381780838,0.2755191752434148,137.40996659297895
https://data.globe.gov/system/photos/2021/11/08/2502167/original.jpg,92.80891399402505,90.24882523140236,103.75230806332738,43.17465277789538,17043304,United States of America Citizen Science,254326,16TDM195555,210,2021-11-08T05:00:00Z,45814,GLOBE Observer App,2021-11-08T16:16:00Z,https://data.globe.gov/system/photos/2021/11/08/2502168/original.jpg,https://data.globe.gov/system/photos/2021/11/08/2502169/original.jpg,https://data.globe.gov/system/photos/2021/11/08/2502170/original.jpg,https://data.globe.gov/system/photos/2021/11/08/2502171/original.jpg,https://data.globe.gov/system/photos/2021/11/08/2502172/original.jpg,42.0477,-87.9722,211,automatic,5,0,0,0,1,1,0,FALSE,-6,2021-11-07T23:00:00Z,4.4915558749550845e-5,6.048520696523187e-5,11-07,Fall,311,FALSE,FALSE,18,Nov,2021,"c(-87.972733, 42.04743)",NA,NA,NA,NA,NA,NA,NA,NA,NA,NA,NA,NA,NA,NA,NA,NA,NA,NA,NA,NA,NA,NA,NA,0.4374489899721786,0.18203651179077343,0.3805144982370479,144.1299501373938
https://data.globe.gov/system/photos/2021/12/19/2556840/original.jpg,175.34692247919423,166.83015489062103,176.93802859411224,189.49195949495984,79104280,EBENEZER AFRICAN CHURCH PRIMARY SCHOOL 1,250185,31NEH318357,32.2,2021-12-19T05:00:00Z,46439,GLOBE Observer App,2021-12-19T16:53:00Z,https://data.globe.gov/system/photos/2021/12/19/2556843/original.jpg,https://data.globe.gov/system/photos/2021/12/19/2556845/original.jpg,https://data.globe.gov/system/photos/2021/12/19/2556847/original.jpg,https://data.globe.gov/system/photos/2021/12/19/2556848/original.jpg,https://data.globe.gov/system/photos/2021/12/19/2556849/original.jpg,6.6561,3.2883,37.2,automatic,5,0,1,0,1,1,0,FALSE,0,2021-12-19T05:00:00Z,4.4915558749550845e-5,4.5220355200358686e-5,12-19,Fall,353,FALSE,FALSE,0,Dec,2021,"c(3.287704, 6.655725)",NA,NA,NA,NA,NA,NA,NA,NA,NA,NA,NA,NA,NA,NA,NA,NA,NA,NA,NA,NA,NA,NA,NA,0.3318043377579977,0.3553461888903552,0.3128494733516471,308.29623620284275
https://data.globe.gov/system/photos/2022/06/16/2906882/original.jpg,129.72201477915524,116.938359857238,133.07594087584033,145.9812972602141,17043304,United States of America Citizen Science,280086,13SCR331819,1255.9,2022-06-16T04:00:00Z,49145,GLOBE Observer App,2022-06-16T19:49:00Z,https://data.globe.gov/system/photos/2022/06/16/2906883/original.jpg,https://data.globe.gov/system/photos/2022/06/16/2906884/original.jpg,https://data.globe.gov/system/photos/2022/06/16/2906885/original.jpg,https://data.globe.gov/system/photos/2022/06/16/2906886/original.jpg,https://data.globe.gov/system/photos/2022/06/16/2906887/original.jpg,32.3618,-106.7734,1255.8,manual,NA,0,0,0,1,1,0,FALSE,-7,2022-06-15T21:00:00Z,NA,NA,06-15,Spring,166,FALSE,NA,17,Jun,2022,"c(-106.773848, 32.361594)",NA,NA,NA,NA,NA,NA,NA,NA,NA,NA,NA,NA,NA,NA,NA,NA,NA,NA,NA,NA,NA,NA,NA,0.3360540913843553,0.3686437374556037,0.2953021711600409,229.55244541469392
https://data.globe.gov/system/photos/2022/06/18/2910559/original.jpg,108.23656025034991,98.36368770029682,119.50287951534447,76.1195381799102,17043304,United States of America Citizen Science,280361,14RPU180736,271.3,2022-06-18T04:00:00Z,49338,GLOBE Observer App,2022-06-18T21:35:00Z,https://data.globe.gov/system/photos/2022/06/18/2910560/original.jpg,https://data.globe.gov/system/photos/2022/06/18/2910561/original.jpg,https://data.globe.gov/system/photos/2022/06/18/2910562/original.jpg,https://data.globe.gov/system/photos/2022/06/18/2910563/original.jpg,https://data.globe.gov/system/photos/2022/06/18/2910564/original.jpg,30.4889,-97.7702,271,automatic,4,0,0,0,1,1,0,FALSE,-7,2022-06-17T21:00:00Z,3.593244699964068e-5,4.169815658806869e-5,06-17,Spring,168,FALSE,FALSE,17,Jun,2022,"c(-97.770514, 30.488865)",NA,NA,NA,NA,NA,NA,NA,NA,NA,NA,NA,NA,NA,NA,NA,NA,NA,NA,NA,NA,NA,NA,NA,0.40649159032382204,0.2589222306186652,0.3345861790575128,172.4834408376157
https://data.globe.gov/system/photos/2022/07/15/2952931/original.jpg,133.19890105509972,121.68771147675953,137.77078074998832,139.84935985378064,17615655,Thailand Citizen Science,283458,47PPR849356,3.4,2022-07-15T04:00:00Z,51115,GLOBE Observer App,2022-07-15T08:39:00Z,https://data.globe.gov/system/photos/2022/07/15/2952932/original.jpg,https://data.globe.gov/system/photos/2022/07/15/2952933/original.jpg,rejected,https://data.globe.gov/system/photos/2022/07/15/2952935/original.jpg,https://data.globe.gov/system/photos/2022/07/15/2952936/original.jpg,13.8846,100.7115,3.4,automatic,5,0,0,0,0,0,0,FALSE,7,2022-07-15T11:00:00Z,4.4915558749550845e-5,4.6267446568676185e-5,07-15,Summer,196,FALSE,FALSE,7,Jul,2022,"c(100.711104, 13.884362)",NA,NA,NA,NA,NA,NA,NA,NA,NA,NA,NA,NA,NA,NA,NA,NA,NA,NA,NA,NA,NA,NA,NA,0.34502397093409537,0.35022942605590734,0.3047466030099973,230.9686788385487
https://data.globe.gov/system/photos/2022/08/07/2987524/original.jpg,106.10430827352636,107.25269627730127,114.40175877629497,60.36771653156238,17043304,United States of America Citizen Science,284554,17SNT119051,47.9,2022-08-07T04:00:00Z,52282,GLOBE Observer App,2022-08-07T18:48:00Z,https://data.globe.gov/system/photos/2022/08/07/2987525/original.jpg,https://data.globe.gov/system/photos/2022/08/07/2987526/original.jpg,https://data.globe.gov/system/photos/2022/08/07/2987527/original.jpg,https://data.globe.gov/system/photos/2022/08/07/2987528/original.jpg,https://data.globe.gov/system/photos/2022/08/07/2987529/original.jpg,33.4861,-80.8718,49.3,automatic,22,0,0,0,1,1,1,FALSE,-5,2022-08-06T23:00:00Z,1.976284584980237e-4,2.3695898190969315e-4,08-06,Summer,218,FALSE,FALSE,19,Aug,2022,"c(-80.871907, 33.485329)",NA,NA,NA,NA,NA,NA,NA,NA,NA,NA,NA,NA,NA,NA,NA,NA,NA,NA,NA,NA,NA,NA,NA,0.405648102534912,0.21405308735924655,0.38029881010584143,168.03322430131396
https://data.globe.gov/system/photos/2022/08/08/2988927/original.jpg,115.73747815702946,109.44299670251938,119.18129419128036,114.51405661001779,32402168,"College of Earth, Ocean, Atmospheric Sciences (CEOAS) GLOBE v-School",137539,10TER259384,8.4,2022-08-08T04:00:00Z,52326,GLOBE Observer App,2022-08-08T19:54:00Z,https://data.globe.gov/system/photos/2022/08/08/2988928/original.jpg,https://data.globe.gov/system/photos/2022/08/08/2988929/original.jpg,https://data.globe.gov/system/photos/2022/08/08/2988930/original.jpg,https://data.globe.gov/system/photos/2022/08/08/2988931/original.jpg,https://data.globe.gov/system/photos/2022/08/08/2988932/original.jpg,45.499,-122.6674,6.6,automatic,4,0,0,0,1,1,0,FALSE,-8,2022-08-07T20:00:00Z,3.593244699964068e-5,5.12645654220882e-5,08-07,Summer,219,FALSE,FALSE,16,Aug,2022,"c(-122.668496, 45.49865)",NA,NA,NA,NA,NA,NA,NA,NA,NA,NA,NA,NA,NA,NA,NA,NA,NA,NA,NA,NA,NA,NA,NA,0.34732723712832597,0.3337256166297291,0.3189471462419448,198.23072308201506
https://data.globe.gov/system/photos/2022/08/14/2997088/original.jpg,117.96474155622045,121.55312355255315,119.81648919773649,99.01823205991548,9501061,State University of New York at Fredonia,286798,17TPG233859,388.5,2022-08-14T04:00:00Z,52571,GLOBE Observer App,2022-08-14T16:31:00Z,https://data.globe.gov/system/photos/2022/08/14/2997089/original.jpg,https://data.globe.gov/system/photos/2022/08/14/2997090/original.jpg,https://data.globe.gov/system/photos/2022/08/14/2997091/original.jpg,https://data.globe.gov/system/photos/2022/08/14/2997092/original.jpg,https://data.globe.gov/system/photos/2022/08/14/2997093/original.jpg,42.3163,-79.5026,386.6,automatic,15,0,0,0,1,1,0,FALSE,-5,2022-08-13T23:00:00Z,1.3474667624865252e-4,1.822281037372208e-4,08-13,Summer,225,FALSE,FALSE,19,Aug,2022,"c(-79.503787, 42.315583)",NA,NA,NA,NA,NA,NA,NA,NA,NA,NA,NA,NA,NA,NA,NA,NA,NA,NA,NA,NA,NA,NA,NA,0.35199990547413423,0.2908982608210539,0.35710183370481174,197.32147173920234
https://data.globe.gov/system/photos/2022/08/14/2997241/original.jpg,105.34621662278967,95.37504243806528,117.9439858207404,66.63122154665689,9501061,State University of New York at Fredonia,286816,17TPG231870,385.7,2022-08-14T04:00:00Z,52591,GLOBE Observer App,2022-08-14T17:51:00Z,https://data.globe.gov/system/photos/2022/08/14/2997242/original.jpg,https://data.globe.gov/system/photos/2022/08/14/2997243/original.jpg,https://data.globe.gov/system/photos/2022/08/14/2997244/original.jpg,https://data.globe.gov/system/photos/2022/08/14/2997245/original.jpg,https://data.globe.gov/system/photos/2022/08/14/2997246/original.jpg,42.3263,-79.5058,377.9,automatic,9,0,0,0,1,1,0,FALSE,-5,2022-08-13T23:00:00Z,8.084800574919152e-5,1.0935424068264012e-4,08-13,Summer,225,FALSE,FALSE,19,Aug,2022,"c(-79.505979, 42.325518)",NA,NA,NA,NA,NA,NA,NA,NA,NA,NA,NA,NA,NA,NA,NA,NA,NA,NA,NA,NA,NA,NA,NA,0.42130337766335146,0.23801093798972825,0.34068568434692015,165.67106626126795
https://data.globe.gov/system/photos/2022/08/16/2998987/original.jpg,134.6227655218242,128.31913724930794,139.4158965083684,126.47554591049337,17043304,United States of America Citizen Science,286949,15TWH449060,275.7,2022-08-16T04:00:00Z,52680,GLOBE Observer App,2022-08-16T00:41:00Z,https://data.globe.gov/system/photos/2022/08/16/2998988/original.jpg,https://data.globe.gov/system/photos/2022/08/16/2998989/original.jpg,https://data.globe.gov/system/photos/2022/08/16/2998990/original.jpg,https://data.globe.gov/system/photos/2022/08/16/2998991/original.jpg,https://data.globe.gov/system/photos/2022/08/16/2998992/original.jpg,42.5055,-92.453,278.4,automatic,9,0,0,0,1,1,0,FALSE,-6,2022-08-15T22:00:00Z,8.084800574919152e-5,1.0966716894791476e-4,08-15,Summer,227,FALSE,FALSE,18,Aug,2022,"c(-92.453503, 42.505063)",NA,NA,NA,NA,NA,NA,NA,NA,NA,NA,NA,NA,NA,NA,NA,NA,NA,NA,NA,NA,NA,NA,NA,0.3536584346004184,0.3208324495424636,0.32550911585711817,227.81276719489654
https://data.globe.gov/system/photos/2022/08/18/3002233/original.jpg,73.04054277296376,62.47325761934745,81.78645495799321,55.72271653115402,9501061,State University of New York at Fredonia,287181,17TPG240822,419.4,2022-08-18T04:00:00Z,52796,GLOBE Observer App,2022-08-18T13:16:00Z,https://data.globe.gov/system/photos/2022/08/18/3002234/original.jpg,https://data.globe.gov/system/photos/2022/08/18/3002235/original.jpg,https://data.globe.gov/system/photos/2022/08/18/3002236/original.jpg,https://data.globe.gov/system/photos/2022/08/18/3002237/original.jpg,https://data.globe.gov/system/photos/2022/08/18/3002238/original.jpg,42.2824,-79.4956,417.9,automatic,15,0,0,0,1,1,0,FALSE,-5,2022-08-17T23:00:00Z,1.3474667624865252e-4,1.821300252798403e-4,08-17,Summer,229,FALSE,FALSE,19,Aug,2022,"c(-79.496089, 42.282161)",NA,NA,NA,NA,NA,NA,NA,NA,NA,NA,NA,NA,NA,NA,NA,NA,NA,NA,NA,NA,NA,NA,NA,0.4089682044697153,0.27863806225157545,0.3123937332787091,117.03398339704819
https://data.globe.gov/system/photos/2022/08/25/3012994/original.jpg,92.84410471402506,89.78864824492851,100.13826388910945,63.299456018188735,9501061,State University of New York at Fredonia,287937,17TPH965843,198.2,2022-08-25T04:00:00Z,53179,GLOBE Observer App,2022-08-25T14:52:00Z,https://data.globe.gov/system/photos/2022/08/25/3012995/original.jpg,https://data.globe.gov/system/photos/2022/08/25/3012996/original.jpg,https://data.globe.gov/system/photos/2022/08/25/3012997/original.jpg,https://data.globe.gov/system/photos/2022/08/25/3012998/original.jpg,https://data.globe.gov/system/photos/2022/08/25/3012999/original.jpg,43.1866,-78.5814,201,automatic,3,0,0,0,1,1,0,FALSE,-5,2022-08-24T23:00:00Z,2.6949335249730506e-5,3.696101257915513e-5,08-24,Summer,236,FALSE,FALSE,19,Aug,2022,"c(-78.581947, 43.185922)",NA,NA,NA,NA,NA,NA,NA,NA,NA,NA,NA,NA,NA,NA,NA,NA,NA,NA,NA,NA,NA,NA,NA,0.3954495916827724,0.24997181960188422,0.3545785887153433,148.64889633150673
https://data.globe.gov/system/photos/2022/08/25/3013132/original.jpg,104.79087446854268,107.6678848370295,110.00033468351575,70.42088107591114,9501061,State University of New York at Fredonia,287943,17TPH902860,130.8,2022-08-25T04:00:00Z,53199,GLOBE Observer App,2022-08-25T16:10:00Z,https://data.globe.gov/system/photos/2022/08/25/3013133/original.jpg,https://data.globe.gov/system/photos/2022/08/25/3013134/original.jpg,https://data.globe.gov/system/photos/2022/08/25/3013135/original.jpg,https://data.globe.gov/system/photos/2022/08/25/3013136/original.jpg,https://data.globe.gov/system/photos/2022/08/25/3013137/original.jpg,43.2037,-78.6582,129.7,automatic,3,0,0,0,1,1,0,FALSE,-5,2022-08-24T23:00:00Z,2.6949335249730506e-5,3.697137113053626e-5,08-24,Summer,236,FALSE,FALSE,19,Aug,2022,"c(-78.658823, 43.202829)",NA,NA,NA,NA,NA,NA,NA,NA,NA,NA,NA,NA,NA,NA,NA,NA,NA,NA,NA,NA,NA,NA,NA,0.3818274778732424,0.24444132363950094,0.3737311984872567,169.26768016155046
https://data.globe.gov/system/photos/2022/11/05/3133743/original.jpg,146.95215202633557,128.4461831845488,156.69637967260712,145.31551216104506,9660828,BerksNature - The Nature Place GLOBE v-School,285736,18TVK211627,65.2,2022-11-05T04:00:00Z,54995,GLOBE Observer App,2022-11-05T19:15:00Z,https://data.globe.gov/system/photos/2022/11/05/3133744/original.jpg,https://data.globe.gov/system/photos/2022/11/05/3133745/original.jpg,https://data.globe.gov/system/photos/2022/11/05/3133746/original.jpg,https://data.globe.gov/system/photos/2022/11/05/3133747/original.jpg,https://data.globe.gov/system/photos/2022/11/05/3133748/original.jpg,40.3113,-75.9274,66.7,automatic,76,0,0,0,0,1,0,FALSE,-5,2022-11-04T23:00:00Z,6.827164929931729e-4,8.953180401288975e-4,11-04,Fall,308,FALSE,FALSE,19,Nov,2022,"c(-75.928545, 40.311092)",NA,NA,NA,NA,NA,NA,NA,NA,NA,NA,NA,NA,NA,NA,NA,NA,NA,NA,NA,NA,NA,NA,NA,0.36402239559794897,0.3375834270385118,0.2983941773635394,249.33667089260527
https://data.globe.gov/system/photos/2023/01/11/3213662/original.jpg,104.89819724622161,81.17316529483139,108.2968655691847,149.62421696377172,15848671,Leitzel Center GLOBE v-School,301586,06WVS595931,188.8,2023-01-11T05:00:00Z,55818,GLOBE Observer App,2023-01-11T00:18:00Z,https://data.globe.gov/system/photos/2023/01/11/3213663/original.jpg,https://data.globe.gov/system/photos/2023/01/11/3213664/original.jpg,https://data.globe.gov/system/photos/2023/01/11/3213665/original.jpg,https://data.globe.gov/system/photos/2023/01/11/3213666/original.jpg,https://data.globe.gov/system/photos/2023/01/11/3213667/original.jpg,64.8605,-147.8543,187.7,automatic,3,1,0,0,0,0,0,FALSE,-10,2023-01-10T19:00:00Z,2.6949335249730506e-5,6.343652665711357e-5,01-10,Winter,10,FALSE,FALSE,14,Jan,2023,"c(-147.854383, 64.859772)",NA,NA,NA,NA,NA,NA,NA,NA,NA,NA,NA,NA,NA,NA,NA,NA,NA,NA,NA,NA,NA,NA,NA,0.31937098981456113,0.4412466974071461,0.23938231277829264,201.75405859142936
https://data.globe.gov/system/photos/2023/01/15/3226429/original.jpg,124.36271167533891,124.11770936594014,123.18586755784467,131.06502034665374,32402168,"College of Earth, Ocean, Atmospheric Sciences (CEOAS) GLOBE v-School",302433,15SUV059538,194.1,2023-01-15T05:00:00Z,55947,GLOBE Observer App,2023-01-15T21:58:00Z,https://data.globe.gov/system/photos/2023/01/15/3226430/original.jpg,https://data.globe.gov/system/photos/2023/01/15/3226431/original.jpg,https://data.globe.gov/system/photos/2023/01/15/3226432/original.jpg,https://data.globe.gov/system/photos/2023/01/15/3226433/original.jpg,https://data.globe.gov/system/photos/2023/01/15/3226434/original.jpg,35.7099,-95.1451,193.6,automatic,4,0,0,0,1,0,0,FALSE,-6,2023-01-14T23:00:00Z,3.593244699964068e-5,4.4252725600365493e-5,01-14,Winter,14,FALSE,FALSE,18,Jan,2023,"c(-95.145597, 35.709046)",NA,NA,NA,NA,NA,NA,NA,NA,NA,NA,NA,NA,NA,NA,NA,NA,NA,NA,NA,NA,NA,NA,NA,0.3255710660094704,0.3463950795392651,0.3280338544512645,218.53604577436553
https://data.globe.gov/system/photos/2023/03/17/3303329/original.jpg,97.19538893228369,101.71075569049911,95.79036699462208,92.58708381557597,16578474,Science Club Huechulafquen (After School),307389,21HUB299979,17.8,2023-03-17T04:00:00Z,56611,GLOBE Observer App,2023-03-17T14:04:00Z,https://data.globe.gov/system/photos/2023/03/17/3303330/original.jpg,https://data.globe.gov/system/photos/2023/03/17/3303331/original.jpg,https://data.globe.gov/system/photos/2023/03/17/3303332/original.jpg,https://data.globe.gov/system/photos/2023/03/17/3303333/original.jpg,https://data.globe.gov/system/photos/2023/03/17/3303334/original.jpg,-34.3455,-58.8485,17.2,automatic,64,0,0,0,1,1,0,FALSE,-4,2023-03-17T00:00:00Z,5.749191519942509e-4,6.963226392428633e-4,03-16,Winter,75,FALSE,FALSE,20,Mar,2023,"c(-58.84937, -34.346271)",NA,NA,NA,NA,NA,NA,NA,NA,NA,NA,NA,NA,NA,NA,NA,NA,NA,NA,NA,NA,NA,NA,NA,0.3302111731811885,0.31916872778953687,0.35062009902927466,167.61038249932272
https://data.globe.gov/system/photos/2023/03/21/3308978/original.jpg,112.3301182590277,111.8178166437298,114.59475422955849,102.01289780571597,14564129,"SciStarter Citizen Scientists, LLC GLOBE v-School",307732,18TXL474266,46.7,2023-03-21T04:00:00Z,56667,GLOBE Observer App,2023-03-21T18:45:00Z,https://data.globe.gov/system/photos/2023/03/21/3308979/original.jpg,https://data.globe.gov/system/photos/2023/03/21/3308980/original.jpg,https://data.globe.gov/system/photos/2023/03/21/3308981/original.jpg,https://data.globe.gov/system/photos/2023/03/21/3308982/original.jpg,https://data.globe.gov/system/photos/2023/03/21/3308983/original.jpg,40.8779,-73.2497,45,automatic,35,0,0,0,1,0,0,FALSE,-5,2023-03-20T23:00:00Z,3.1440891124685593e-4,4.158265225657975e-4,03-20,Spring,79,FALSE,FALSE,19,Mar,2023,"c(-73.250638, 40.877217)",NA,NA,NA,NA,NA,NA,NA,NA,NA,NA,NA,NA,NA,NA,NA,NA,NA,NA,NA,NA,NA,NA,NA,0.34892164328936637,0.3106120186599204,0.34046633805071325,189.84681491829969
https://data.globe.gov/system/photos/2023/03/24/3313863/original.jpg,142.7996702320413,144.968462505702,146.7236511201028,116.90628715139303,17043304,United States of America Citizen Science,308017,18SWK167176,16.2,2023-03-24T04:00:00Z,56737,GLOBE Observer App,2023-03-24T18:52:00Z,https://data.globe.gov/system/photos/2023/03/24/3313864/original.jpg,https://data.globe.gov/system/photos/2023/03/24/3313865/original.jpg,https://data.globe.gov/system/photos/2023/03/24/3313866/original.jpg,https://data.globe.gov/system/photos/2023/03/24/3313867/original.jpg,https://data.globe.gov/system/photos/2023/03/24/3313868/original.jpg,39.90863,-74.80378,15.1,NA,NA,0,1,1,0,0,0,FALSE,-5,2023-03-23T23:00:00Z,NA,NA,03-23,Spring,82,FALSE,NA,19,Mar,2023,"c(-74.804618, 39.90832)",NA,NA,NA,NA,NA,NA,NA,NA,NA,NA,NA,NA,NA,NA,NA,NA,NA,NA,NA,NA,NA,NA,NA,0.3590901257592265,0.28611538109063755,0.3547944931501359,237.08809521948743
https://data.globe.gov/system/photos/2023/03/25/3314921/original.jpg,115.98065208959761,121.61004774313881,116.24983024672275,99.82980227652251,16578474,Science Club Huechulafquen (After School),308082,32TKS729241,433.4,2023-03-25T04:00:00Z,56794,GLOBE Observer App,2023-03-25T10:17:00Z,https://data.globe.gov/system/photos/2023/03/25/3314922/original.jpg,https://data.globe.gov/system/photos/2023/03/25/3314923/original.jpg,https://data.globe.gov/system/photos/2023/03/25/3314924/original.jpg,https://data.globe.gov/system/photos/2023/03/25/3314925/original.jpg,https://data.globe.gov/system/photos/2023/03/25/3314926/original.jpg,46.2332,6.0554,436.8,automatic,84,0,1,1,0,0,1,FALSE,0,2023-03-25T04:00:00Z,7.545813869924542e-4,0.00109086930185697,03-25,Spring,84,FALSE,TRUE,0,Mar,2023,"c(6.0547, 46.232523)",NA,NA,NA,NA,NA,NA,NA,NA,NA,NA,NA,NA,NA,NA,NA,NA,NA,NA,NA,NA,NA,NA,NA,0.34425046733740844,0.295625860398732,0.3601236722638595,195.62468189635462
https://data.globe.gov/system/photos/2023/04/20/3355046/original.jpg,123.67288025552008,125.0275283317189,124.81391833372305,114.24455458510073,79700038,Slovenia Citizen Science,311035,33TVM692096,297.9,2023-04-20T04:00:00Z,57297,GLOBE Observer App,2023-04-20T11:46:00Z,https://data.globe.gov/system/photos/2023/04/20/3355047/original.jpg,https://data.globe.gov/system/photos/2023/04/20/3355048/original.jpg,https://data.globe.gov/system/photos/2023/04/20/3355049/original.jpg,https://data.globe.gov/system/photos/2023/04/20/3355050/original.jpg,https://data.globe.gov/system/photos/2023/04/20/3355051/original.jpg,46.1395,14.6024,298,automatic,104,0,0,0,1,1,0,FALSE,1,2023-04-20T05:00:00Z,9.342436219906576e-4,0.00134829989782019,04-20,Spring,110,FALSE,TRUE,1,Apr,2023,"c(14.601231, 46.139281)",NA,NA,NA,NA,NA,NA,NA,NA,NA,NA,NA,NA,NA,NA,NA,NA,NA,NA,NA,NA,NA,NA,NA,0.3428143842526739,0.31378452945924806,0.3434010862880781,210.38587239380908
https://data.globe.gov/system/photos/2023/04/22/3359795/original.jpg,118.90535263737041,127.50456500749246,119.05828655449746,95.56380256644006,17043304,United States of America Citizen Science,311450,15TWH439030,283.3,2023-04-22T04:00:00Z,57359,GLOBE Observer App,2023-04-22T18:36:00Z,https://data.globe.gov/system/photos/2023/04/22/3359796/original.jpg,https://data.globe.gov/system/photos/2023/04/22/3359797/original.jpg,https://data.globe.gov/system/photos/2023/04/22/3359798/original.jpg,https://data.globe.gov/system/photos/2023/04/22/3359799/original.jpg,https://data.globe.gov/system/photos/2023/04/22/3359800/original.jpg,42.4782,-92.4648,282.1,automatic,5,0,0,1,0,1,0,FALSE,-6,2023-04-21T22:00:00Z,4.4915558749550845e-5,6.0899617451929864e-5,04-21,Spring,111,FALSE,FALSE,18,Apr,2023,"c(-92.465904, 42.478104)",NA,NA,NA,NA,NA,NA,NA,NA,NA,NA,NA,NA,NA,NA,NA,NA,NA,NA,NA,NA,NA,NA,NA,0.3479947707020935,0.2793228806153367,0.37268234868256966,198.90884861161967
https://data.globe.gov/system/photos/2023/05/27/3411765/original.jpg,122.80818787941777,130.39265166600157,120.48692388927991,114.86807638941053,6509806,Thailand GLOBE v-School,244353,47QNC931168,431.7,2023-05-27T04:00:00Z,58310,GLOBE Observer App,2023-05-27T02:14:00Z,https://data.globe.gov/system/photos/2023/05/27/3411766/original.jpg,https://data.globe.gov/system/photos/2023/05/27/3411767/original.jpg,https://data.globe.gov/system/photos/2023/05/27/3411768/original.jpg,https://data.globe.gov/system/photos/2023/05/27/3411769/original.jpg,https://data.globe.gov/system/photos/2023/05/27/3411770/original.jpg,20.0465,99.891,428.1,automatic,11,0,1,0,1,1,0,FALSE,7,2023-05-27T11:00:00Z,9.881422924901186e-5,1.0518701222906232e-4,05-27,Spring,147,FALSE,FALSE,7,May,2023,"c(99.890243, 20.045823)",NA,NA,NA,NA,NA,NA,NA,NA,NA,NA,NA,NA,NA,NA,NA,NA,NA,NA,NA,NA,NA,NA,NA,0.3294263770352238,0.3140637425248072,0.35650988043996906,211.45689255778777
https://data.globe.gov/system/photos/2023/06/10/3433789/original.jpg,137.26854213078232,123.94232853208618,140.7516243713008,154.28581047115435,17043304,United States of America Citizen Science,317843,14SPB725526,180.9,2023-06-10T04:00:00Z,58874,GLOBE Observer App,2023-06-10T22:16:00Z,https://data.globe.gov/system/photos/2023/06/10/3433790/original.jpg,https://data.globe.gov/system/photos/2023/06/10/3433791/original.jpg,https://data.globe.gov/system/photos/2023/06/10/3433792/original.jpg,https://data.globe.gov/system/photos/2023/06/10/3433793/original.jpg,https://data.globe.gov/system/photos/2023/06/10/3433794/original.jpg,32.9989,-97.1532,182.9,automatic,4,0,0,0,1,1,0,FALSE,-6,2023-06-09T22:00:00Z,3.593244699964068e-5,4.284399666462563e-5,06-09,Spring,160,FALSE,FALSE,18,Jun,2023,"c(-97.153587, 32.998187)",NA,NA,NA,NA,NA,NA,NA,NA,NA,NA,NA,NA,NA,NA,NA,NA,NA,NA,NA,NA,NA,NA,NA,0.3359389561864776,0.3682416764678742,0.2958193673456481,242.8514605223866
https://data.globe.gov/system/photos/2023/06/16/3441819/original.jpg,135.07245373113798,137.9457670324236,140.01753886602486,102.07345678997686,17043304,United States of America Citizen Science,318435,18TYL099731,8.9,2023-06-16T04:00:00Z,59148,GLOBE Observer App,2023-06-16T22:49:00Z,https://data.globe.gov/system/photos/2023/06/16/3441820/original.jpg,https://data.globe.gov/system/photos/2023/06/16/3441821/original.jpg,https://data.globe.gov/system/photos/2023/06/16/3441822/original.jpg,https://data.globe.gov/system/photos/2023/06/16/3441823/original.jpg,https://data.globe.gov/system/photos/2023/06/16/3441824/original.jpg,41.2825,-72.4925,9.6,automatic,8,0,1,1,0,1,1,FALSE,-5,2023-06-15T23:00:00Z,7.186489399928136e-5,9.563296832040252e-5,06-15,Spring,166,FALSE,FALSE,19,Jun,2023,"c(-72.493596, 41.282067)",NA,NA,NA,NA,NA,NA,NA,NA,NA,NA,NA,NA,NA,NA,NA,NA,NA,NA,NA,NA,NA,NA,NA,0.36843156402955374,0.26858837568212374,0.3629800602883227,221.47897510445037
https://data.globe.gov/system/photos/2023/06/22/3457732/original.jpg,126.63580249885476,115.94488111583904,134.3189574760416,115.1145176035946,17043304,United States of America Citizen Science,319696,14SQB129650,186.1,2023-06-22T04:00:00Z,59914,GLOBE Observer App,2023-06-22T00:06:00Z,https://data.globe.gov/system/photos/2023/06/22/3457733/original.jpg,https://data.globe.gov/system/photos/2023/06/22/3457734/original.jpg,https://data.globe.gov/system/photos/2023/06/22/3457735/original.jpg,https://data.globe.gov/system/photos/2023/06/22/3457736/original.jpg,https://data.globe.gov/system/photos/2023/06/22/3457737/original.jpg,33.1031,-96.7181,186.8,automatic,4,0,1,0,1,1,0,FALSE,-6,2023-06-21T22:00:00Z,3.593244699964068e-5,4.289472557796283e-5,06-21,Summer,172,FALSE,FALSE,18,Jun,2023,"c(-96.718538, 33.102808)",NA,NA,NA,NA,NA,NA,NA,NA,NA,NA,NA,NA,NA,NA,NA,NA,NA,NA,NA,NA,NA,NA,NA,0.367616075770459,0.31505565573788125,0.3173282684916597,211.50921955679615
https://data.globe.gov/system/photos/2023/07/06/3473952/original.jpg,110.60079773779944,98.3529652494742,113.69496913547013,126.7922302245957,17615655,Thailand Citizen Science,156961,47PPR657243,10,2023-07-06T04:00:00Z,60694,GLOBE Observer App,2023-07-06T06:27:00Z,https://data.globe.gov/system/photos/2023/07/06/3473953/original.jpg,https://data.globe.gov/system/photos/2023/07/06/3473954/original.jpg,https://data.globe.gov/system/photos/2023/07/06/3473955/original.jpg,https://data.globe.gov/system/photos/2023/07/06/3473956/original.jpg,https://data.globe.gov/system/photos/2023/07/06/3473957/original.jpg,13.7843,100.5333,2.2,automatic,126,0,0,0,1,1,0,FALSE,7,2023-07-06T11:00:00Z,0.00113187208048868,0.00116543712946683,07-06,Summer,187,FALSE,TRUE,7,Jul,2023,"c(100.532802, 13.783402)",NA,NA,NA,NA,NA,NA,NA,NA,NA,NA,NA,NA,NA,NA,NA,NA,NA,NA,NA,NA,NA,NA,NA,0.3355415945641677,0.3741948076630874,0.2902635977727449,196.66245555623132
https://data.globe.gov/system/photos/2023/07/07/3476396/original.jpg,102.57588402827244,108.39067563618136,102.39819251558735,88.23976321350676,17043304,United States of America Citizen Science,321077,13SBD746059,1718.4,2023-07-07T04:00:00Z,60771,GLOBE Observer App,2023-07-07T22:26:00Z,https://data.globe.gov/system/photos/2023/07/07/3476397/original.jpg,https://data.globe.gov/system/photos/2023/07/07/3476398/original.jpg,https://data.globe.gov/system/photos/2023/07/07/3476399/original.jpg,https://data.globe.gov/system/photos/2023/07/07/3476400/original.jpg,https://data.globe.gov/system/photos/2023/07/07/3476401/original.jpg,38.8739,-107.5981,1719.4,automatic,11,0,0,0,1,1,0,FALSE,-7,2023-07-06T21:00:00Z,9.881422924901186e-5,1.2692425518329812e-4,07-06,Summer,187,FALSE,FALSE,17,Jul,2023,"c(-107.598192, 38.873072)",NA,NA,NA,NA,NA,NA,NA,NA,NA,NA,NA,NA,NA,NA,NA,NA,NA,NA,NA,NA,NA,NA,NA,0.3424360806123071,0.2950880081637345,0.36247591122395834,173.26333774720754
https://data.globe.gov/system/photos/2023/07/07/3482648/original.jpg,133.68854781319652,128.01008916306515,141.82375057169028,106.69289094679931,17043304,United States of America Citizen Science,318660,18TXL007375,64.4,2023-07-07T04:00:00Z,60939,GLOBE Observer App,2023-07-07T20:06:00Z,https://data.globe.gov/system/photos/2023/07/07/3482649/original.jpg,https://data.globe.gov/system/photos/2023/07/07/3482650/original.jpg,https://data.globe.gov/system/photos/2023/07/07/3482651/original.jpg,https://data.globe.gov/system/photos/2023/07/07/3482652/original.jpg,https://data.globe.gov/system/photos/2023/07/07/3482653/original.jpg,40.9825,-73.802,57.6,automatic,282,0,0,0,1,1,0,FALSE,-5,2023-07-06T23:00:00Z,0.00253323751347466,0.00335568181500132,07-06,Summer,187,FALSE,TRUE,19,Jul,2023,"c(-73.802967, 40.982461)",NA,NA,NA,NA,NA,NA,NA,NA,NA,NA,NA,NA,NA,NA,NA,NA,NA,NA,NA,NA,NA,NA,NA,0.3766631662909396,0.2833607344521688,0.3399760992568916,218.82397522287752
https://data.globe.gov/system/photos/2024/02/06/3755201/original.jpg,152.36294873538392,154.432585615037,153.1200564136144,143.03625018005442,17043304,United States of America Citizen Science,169450,14SPJ214213,373.9,2024-02-06T05:00:00Z,63624,GLOBE Observer App,2024-02-06T16:57:00Z,https://data.globe.gov/system/photos/2024/02/06/3755202/original.jpg,https://data.globe.gov/system/photos/2024/02/06/3755203/original.jpg,https://data.globe.gov/system/photos/2024/02/06/3755204/original.jpg,https://data.globe.gov/system/photos/2024/02/06/3755205/original.jpg,https://data.globe.gov/system/photos/2024/02/06/3755206/original.jpg,39.0332,-97.5968,375.2,automatic,35,0,1,1,0,0,0,FALSE,-7,2024-02-05T22:00:00Z,3.1440891124685593e-4,4.047586665131395e-4,02-05,Winter,36,FALSE,FALSE,17,Feb,2024,"c(-97.59741, 39.032329)",NA,NA,NA,NA,NA,NA,NA,NA,NA,NA,NA,NA,NA,NA,NA,NA,NA,NA,NA,NA,NA,NA,NA,0.33982208407989684,0.31744291227179705,0.3427350036483061,260.29703041222984
https://data.globe.gov/system/photos/2024/03/19/3815739/original.jpg,127.67050371398541,130.87679926843504,127.2324222678886,121.51674439885777,163028,Princess Chulabhorn Science High School Trang,341797,47PMK605415,24,2024-03-19T04:00:00Z,69309,GLOBE Observer App,2024-03-19T05:41:00Z,https://data.globe.gov/system/photos/2024/03/19/3815740/original.jpg,https://data.globe.gov/system/photos/2024/03/19/3815741/original.jpg,https://data.globe.gov/system/photos/2024/03/19/3815742/original.jpg,https://data.globe.gov/system/photos/2024/03/19/3815743/original.jpg,https://data.globe.gov/system/photos/2024/03/19/3815744/original.jpg,8.5178,98.6417,32.1,automatic,35,0,0,0,1,1,0,FALSE,7,2024-03-19T11:00:00Z,3.1440891124685593e-4,3.179155528930104e-4,03-19,Winter,79,FALSE,FALSE,7,Mar,2024,"c(98.641094, 8.517253)",NA,NA,NA,NA,NA,NA,NA,NA,NA,NA,NA,NA,NA,NA,NA,NA,NA,NA,NA,NA,NA,NA,NA,0.3351520540868711,0.3200959768373851,0.34475196907574385,219.2786926087482
https://data.globe.gov/system/photos/2024/04/04/3849397/original.jpg,107.35848946757741,84.2255107061592,130.00428385395224,51.425852141113644,17327168,Germany Citizen Science,325137,32ULC378032,23.2,2024-04-04T04:00:00Z,69694,GLOBE Observer App,2024-04-04T11:49:00Z,https://data.globe.gov/system/photos/2024/04/04/3849398/original.jpg,https://data.globe.gov/system/photos/2024/04/04/3849399/original.jpg,https://data.globe.gov/system/photos/2024/04/04/3849400/original.jpg,https://data.globe.gov/system/photos/2024/04/04/3849401/original.jpg,https://data.globe.gov/system/photos/2024/04/04/3849402/original.jpg,51.457,6.6666,23,automatic,6,0,0,1,0,1,0,FALSE,0,2024-04-04T04:00:00Z,5.389867049946101e-5,8.650058516550088e-5,04-04,Spring,95,FALSE,FALSE,0,Apr,2024,"c(6.66532, 51.456709)",NA,NA,NA,NA,NA,NA,NA,NA,NA,NA,NA,NA,NA,NA,NA,NA,NA,NA,NA,NA,NA,NA,NA,0.48937143052774695,0.19358087350934708,0.3170476959629061,163.21663132944514
https://data.globe.gov/system/photos/2024/04/07/3857180/original.jpg,83.87617604524479,83.09325665585128,84.81805073198937,81.0797940771397,17043304,United States of America Citizen Science,345190,17TNG938698,319.9,2024-04-07T04:00:00Z,69793,GLOBE Observer App,2024-04-07T23:41:00Z,https://data.globe.gov/system/photos/2024/04/07/3857181/original.jpg,https://data.globe.gov/system/photos/2024/04/07/3857182/original.jpg,https://data.globe.gov/system/photos/2024/04/07/3857183/original.jpg,https://data.globe.gov/system/photos/2024/04/07/3857184/original.jpg,https://data.globe.gov/system/photos/2024/04/07/3857185/original.jpg,42.1748,-79.8634,327.3,automatic,128,0,0,0,1,0,0,FALSE,-5,2024-04-06T23:00:00Z,0.0011498383039885,0.00155152929665488,04-06,Spring,97,FALSE,TRUE,19,Apr,2024,"c(-79.864286, 42.174723)",NA,NA,NA,NA,NA,NA,NA,NA,NA,NA,NA,NA,NA,NA,NA,NA,NA,NA,NA,NA,NA,NA,NA,0.3406469156244875,0.3256333001464442,0.33371978422906823,143.7794284285512
https://data.globe.gov/system/photos/2024/04/15/3911435/original.jpg,126.87660396880696,110.40856538582936,130.03531893030524,153.80447988107375,17043304,United States of America Citizen Science,349103,11SPA743117,564.7,2024-04-15T04:00:00Z,70685,GLOBE Observer App,2024-04-15T22:16:00Z,https://data.globe.gov/system/photos/2024/04/15/3911436/original.jpg,https://data.globe.gov/system/photos/2024/04/15/3911437/original.jpg,https://data.globe.gov/system/photos/2024/04/15/3911438/original.jpg,https://data.globe.gov/system/photos/2024/04/15/3911439/original.jpg,https://data.globe.gov/system/photos/2024/04/15/3911440/original.jpg,36.2346,-115.0597,565.4,manual,NA,0,0,0,1,1,0,FALSE,-8,2024-04-14T20:00:00Z,NA,NA,04-14,Spring,105,FALSE,NA,16,Apr,2024,"c(-115.06043, 36.234476)",NA,NA,NA,NA,NA,NA,NA,NA,NA,NA,NA,NA,NA,NA,NA,NA,NA,NA,NA,NA,NA,NA,NA,0.3298309663125446,0.39012078133604805,0.2800482523514074,229.6846827965478
https://data.globe.gov/system/photos/2024/04/24/3928390/original.jpg,1.4546323548269104,1.4867489711958777,1.4387562871481856,1.452144490168729,17043304,United States of America Citizen Science,350628,11SLV173921,135.9,2024-04-24T04:00:00Z,71083,GLOBE Observer App,2024-04-24T02:04:00Z,https://data.globe.gov/system/photos/2024/04/24/3928391/original.jpg,https://data.globe.gov/system/photos/2024/04/24/3928392/original.jpg,https://data.globe.gov/system/photos/2024/04/24/3928393/original.jpg,https://data.globe.gov/system/photos/2024/04/24/3928394/original.jpg,https://data.globe.gov/system/photos/2024/04/24/3928395/original.jpg,36.0566,-119.0274,135.3,automatic,5,0,1,0,1,1,0,FALSE,-8,2024-04-23T20:00:00Z,4.4915558749550845e-5,5.5558586453531075e-5,04-23,Spring,114,FALSE,FALSE,16,Apr,2024,"c(-119.028438, 36.056328)",NA,NA,NA,NA,NA,NA,NA,NA,NA,NA,NA,NA,NA,NA,NA,NA,NA,NA,NA,NA,NA,NA,NA,0.3286595250423976,0.33171783344751654,0.3396226415100859,2.5276799199043833
https://data.globe.gov/system/photos/2024/04/27/3935101/original.jpg,136.08794897907669,139.56933116056874,144.87461507623712,81.71333256216423,17043304,United States of America Citizen Science,344459,17SLU931804,310,2024-04-27T04:00:00Z,71286,GLOBE Observer App,2024-04-27T20:33:00Z,https://data.globe.gov/system/photos/2024/04/27/3935102/original.jpg,https://data.globe.gov/system/photos/2024/04/27/3935103/original.jpg,https://data.globe.gov/system/photos/2024/04/27/3935104/original.jpg,https://data.globe.gov/system/photos/2024/04/27/3935105/original.jpg,https://data.globe.gov/system/photos/2024/04/27/3935106/original.jpg,35.0609,-82.1718,308.8,automatic,6,0,1,0,1,1,0,FALSE,-5,2024-04-26T23:00:00Z,5.389867049946101e-5,6.584717155124163e-5,04-26,Spring,117,FALSE,FALSE,19,Apr,2024,"c(-82.172324, 35.060675)",NA,NA,NA,NA,NA,NA,NA,NA,NA,NA,NA,NA,NA,NA,NA,NA,NA,NA,NA,NA,NA,NA,NA,0.39566225626167895,0.2231645724214238,0.38117317131689726,217.12973313784371
https://data.globe.gov/system/photos/2024/05/28/3980057/original.jpg,114.97233922613115,111.26957018740906,118.90885116593174,104.41440443547305,17043304,United States of America Citizen Science,354050,10TDQ761655,204.2,2024-05-28T04:00:00Z,71905,GLOBE Observer App,2024-05-28T01:11:00Z,https://data.globe.gov/system/photos/2024/05/28/3980058/original.jpg,https://data.globe.gov/system/photos/2024/05/28/3980059/original.jpg,https://data.globe.gov/system/photos/2024/05/28/3980060/original.jpg,https://data.globe.gov/system/photos/2024/05/28/3980061/original.jpg,https://data.globe.gov/system/photos/2024/05/28/3980062/original.jpg,44.8429,-123.3012,188.6,automatic,88,0,0,0,0,1,0,FALSE,-8,2024-05-27T20:00:00Z,7.905138339920949e-4,0.00111490261492519,05-27,Spring,148,FALSE,TRUE,16,May,2024,"c(-123.302413, 44.84251)",NA,NA,NA,NA,NA,NA,NA,NA,NA,NA,NA,NA,NA,NA,NA,NA,NA,NA,NA,NA,NA,NA,NA,0.35538374406444645,0.3120640862197585,0.332552169715795,193.44921811397168
https://data.globe.gov/system/photos/2024/06/03/3991275/original.jpg,134.2556051314601,134.85044124378155,140.15093621395712,102.33968106968561,17043304,United States of America Citizen Science,354920,15SUD350579,254.4,2024-06-03T04:00:00Z,72054,GLOBE Observer App,2024-06-03T22:33:00Z,https://data.globe.gov/system/photos/2024/06/03/3991276/original.jpg,https://data.globe.gov/system/photos/2024/06/03/3991277/original.jpg,https://data.globe.gov/system/photos/2024/06/03/3991278/original.jpg,https://data.globe.gov/system/photos/2024/06/03/3991279/original.jpg,https://data.globe.gov/system/photos/2024/06/03/3991280/original.jpg,39.3557,-94.9139,242.5,automatic,4,0,0,0,1,1,0,FALSE,-6,2024-06-02T22:00:00Z,3.593244699964068e-5,4.647093490192118e-5,06-02,Spring,154,FALSE,FALSE,18,Jun,2024,"c(-94.915024, 39.354807)",NA,NA,NA,NA,NA,NA,NA,NA,NA,NA,NA,NA,NA,NA,NA,NA,NA,NA,NA,NA,NA,NA,NA,0.3714171385454236,0.27121268347808963,0.35737017797648685,219.77337588237623
https://data.globe.gov/system/photos/2024/06/06/3996093/original.jpg,90.51408772327358,72.04924913230963,105.71564911238501,60.66908950622622,17043304,United States of America Citizen Science,52378,16SEJ191374,235.5,2024-06-06T04:00:00Z,72140,GLOBE Observer App,2024-06-06T17:45:00Z,https://data.globe.gov/system/photos/2024/06/06/3996094/original.jpg,https://data.globe.gov/system/photos/2024/06/06/3996095/original.jpg,https://data.globe.gov/system/photos/2024/06/06/3996096/original.jpg,https://data.globe.gov/system/photos/2024/06/06/3996097/original.jpg,https://data.globe.gov/system/photos/2024/06/06/3996098/original.jpg,39.1859,-86.7785,233.3,automatic,4,0,0,0,0,1,0,FALSE,-6,2024-06-05T22:00:00Z,3.593244699964068e-5,4.6358465870646346e-5,06-05,Spring,157,FALSE,FALSE,18,Jun,2024,"c(-86.778846, 39.185632)",NA,NA,NA,NA,NA,NA,NA,NA,NA,NA,NA,NA,NA,NA,NA,NA,NA,NA,NA,NA,NA,NA,NA,0.4433749152525204,0.254448160174228,0.3021769245732517,141.58965777660816
https://data.globe.gov/system/photos/2024/06/06/4066796/original.jpg,80.06280504343589,73.97985368064003,84.39880658447669,73.69060813889978,17615655,Thailand Citizen Science,246284,47PPR684253,3.6,2024-06-06T04:00:00Z,74113,GLOBE Observer App,2024-06-06T11:51:00Z,https://data.globe.gov/system/photos/2024/06/06/4066797/original.jpg,https://data.globe.gov/system/photos/2024/06/06/4066798/original.jpg,https://data.globe.gov/system/photos/2024/06/06/4066799/original.jpg,https://data.globe.gov/system/photos/2024/06/06/4066800/original.jpg,https://data.globe.gov/system/photos/2024/06/06/4066801/original.jpg,13.7929,100.5579,3.4,automatic,35,1,1,1,1,1,1,FALSE,7,2024-06-06T11:00:00Z,3.1440891124685593e-4,3.2374446120003394e-4,06-06,Spring,158,FALSE,FALSE,7,Jun,2024,"c(100.557832, 13.792284)",NA,NA,NA,NA,NA,NA,NA,NA,NA,NA,NA,NA,NA,NA,NA,NA,NA,NA,NA,NA,NA,NA,NA,0.3636793754076228,0.31753712434948317,0.31878350024289404,134.26273880482887
https://data.globe.gov/system/photos/2024/06/08/4001465/original.jpg,144.67238999780332,148.99580704178413,146.13082761819916,125.82322702344567,17043304,United States of America Citizen Science,355775,14SPB996691,185.7,2024-06-08T04:00:00Z,72288,GLOBE Observer App,2024-06-08T15:10:00Z,https://data.globe.gov/system/photos/2024/06/08/4001466/original.jpg,https://data.globe.gov/system/photos/2024/06/08/4001467/original.jpg,https://data.globe.gov/system/photos/2024/06/08/4001468/original.jpg,https://data.globe.gov/system/photos/2024/06/08/4001469/original.jpg,https://data.globe.gov/system/photos/2024/06/08/4001470/original.jpg,33.1424,-96.8594,184.2,automatic,5,0,0,0,1,1,0,FALSE,-6,2024-06-07T22:00:00Z,4.4915558749550845e-5,5.364240819826759e-5,06-07,Spring,159,FALSE,FALSE,18,Jun,2024,"c(-96.860077, 33.142292)",NA,NA,NA,NA,NA,NA,NA,NA,NA,NA,NA,NA,NA,NA,NA,NA,NA,NA,NA,NA,NA,NA,NA,0.3471454463336903,0.2989031200064148,0.35395143365989484,243.69130832880757
https://data.globe.gov/system/photos/2024/06/11/4032771/original.jpg,128.29223645621713,121.10376733049175,130.71342979859853,134.6791818715953,17043304,United States of America Citizen Science,358092,15RTN937748,6.4,2024-06-11T04:00:00Z,73401,GLOBE Observer App,2024-06-11T18:48:00Z,https://data.globe.gov/system/photos/2024/06/11/4032772/original.jpg,https://data.globe.gov/system/photos/2024/06/11/4032773/original.jpg,https://data.globe.gov/system/photos/2024/06/11/4032774/original.jpg,https://data.globe.gov/system/photos/2024/06/11/4032775/original.jpg,https://data.globe.gov/system/photos/2024/06/11/4032776/original.jpg,29.5864,-95.1295,6,automatic,616,0,0,0,0,1,0,FALSE,-6,2024-06-10T22:00:00Z,0.00553359683794466,0.00636329292511767,06-10,Spring,162,FALSE,TRUE,18,Jun,2024,"c(-95.129943, 29.585946)",NA,NA,NA,NA,NA,NA,NA,NA,NA,NA,NA,NA,NA,NA,NA,NA,NA,NA,NA,NA,NA,NA,NA,0.33820091700876365,0.34846169120605497,0.31333739178518133,223.3620496435177
https://data.globe.gov/system/photos/2024/06/24/4025542/original.jpg,126.8936924633649,118.98619455898854,129.79877686340387,132.67489711928357,17043304,United States of America Citizen Science,357677,10SEG846298,97,2024-06-24T04:00:00Z,73221,GLOBE Observer App,2024-06-24T21:45:00Z,https://data.globe.gov/system/photos/2024/06/24/4025543/original.jpg,https://data.globe.gov/system/photos/2024/06/24/4025544/original.jpg,https://data.globe.gov/system/photos/2024/06/24/4025545/original.jpg,https://data.globe.gov/system/photos/2024/06/24/4025546/original.jpg,https://data.globe.gov/system/photos/2024/06/24/4025547/original.jpg,37.3117,-122.0452,94.9,automatic,4,0,0,0,1,1,0,FALSE,-8,2024-06-23T20:00:00Z,3.593244699964068e-5,4.5178172730177594e-5,06-23,Summer,175,FALSE,FALSE,16,Jun,2024,"c(-122.045292, 37.310993)",NA,NA,NA,NA,NA,NA,NA,NA,NA,NA,NA,NA,NA,NA,NA,NA,NA,NA,NA,NA,NA,NA,NA,0.34026849891084376,0.34780827043877705,0.31192323065037925,220.47236855551233
https://data.globe.gov/system/photos/2024/07/15/4053516/original.jpg,132.64287460212574,126.82885149916297,138.6248287487766,117.09011866661042,17898080,Switzerland Citizen Science,359322,32TLS102540,370.5,2024-07-15T04:00:00Z,73830,GLOBE Observer App,2024-07-15T06:01:00Z,https://data.globe.gov/system/photos/2024/07/15/4053517/original.jpg,https://data.globe.gov/system/photos/2024/07/15/4053518/original.jpg,https://data.globe.gov/system/photos/2024/07/15/4053519/original.jpg,https://data.globe.gov/system/photos/2024/07/15/4053520/original.jpg,https://data.globe.gov/system/photos/2024/07/15/4053521/original.jpg,46.5136,6.526,375.9,manual,NA,0,1,0,0,1,0,FALSE,0,2024-07-15T04:00:00Z,NA,NA,07-15,Summer,197,FALSE,NA,0,Jul,2024,"c(6.525832, 46.512802)",NA,NA,NA,NA,NA,NA,NA,NA,NA,NA,NA,NA,NA,NA,NA,NA,NA,NA,NA,NA,NA,NA,NA,0.3623763583205845,0.3060829086730673,0.3315407330063482,221.38766137159786
https://data.globe.gov/system/photos/2024/08/06/4086632/original.jpg,128.72278420440642,127.45091563794202,129.0951886145778,130.1410939642842,70602301,Dixie National Forest,361223,12SUG486594,2759,2024-08-06T04:00:00Z,74549,GLOBE Observer App,2024-08-06T17:16:00Z,https://data.globe.gov/system/photos/2024/08/06/4086633/original.jpg,https://data.globe.gov/system/photos/2024/08/06/4086634/original.jpg,https://data.globe.gov/system/photos/2024/08/06/4086635/original.jpg,https://data.globe.gov/system/photos/2024/08/06/4086636/original.jpg,https://data.globe.gov/system/photos/2024/08/06/4086637/original.jpg,37.5699,-112.7142,2759.3,automatic,5,0,0,0,1,1,0,FALSE,-8,2024-08-05T20:00:00Z,4.4915558749550845e-5,5.666791331536393e-5,08-05,Summer,218,FALSE,FALSE,16,Aug,2024,"c(-112.714379, 37.569201)",NA,NA,NA,NA,NA,NA,NA,NA,NA,NA,NA,NA,NA,NA,NA,NA,NA,NA,NA,NA,NA,NA,NA,0.33384914010573985,0.3365539241134069,0.3295969357808532,223.2621955428278
