Site Id,School Name,Site Name,Protocol,Data Count,Latitude,Longitude,Elevation
366971,2-11 school,10SFH440963,Land Covers,1.0,38.80371,-121.34165,35.2
366969,2-11 school,Test,Land Covers,1.0,38.8042,-121.3412,33.4
210635,2 Intermediate School Abu Arish  At Jazan,Intermediate School Abu Arish At Jazan2,Land Covers,4.0,16.97522,42.84473,65.8
368072,AEB-Escola,19QDA067429,Land Covers,1.0,18.47439,-69.8837,13.9
368187,AEB-Escola,19QDA067431,Land Covers,1.0,18.4762,-69.88371,11.8
101402,Al-Matan Intermediate and Secondary Girls School at Sabya,Al_matan Intermediate and Secondary  school,Land Covers,3.0,17.42996,42.54965,99.5
300391,Al Yamamah Secondary School,موقع 1,Land Covers,1.0,24.63266,46.71249,760.0
300392,Al Yamamah Secondary School,موقع 2,Land Covers,1.0,24.60876,46.68328,760.0
367186,Baad School,40QFL372537,Land Covers,2.0,23.08628,58.33955,673.3
366869,Belgium Citizen Science,31UFS822693,Land Covers,3.0,51.14611,5.60495,43.0
367506,Belgium Citizen Science,31UFS823702,Land Covers,1.0,51.15417,5.60683,39.5
367504,Belgium Citizen Science,31UFS823705,Land Covers,1.0,51.15686,5.60698,40.8
368203,Belgium Citizen Science,31UFS824705,Land Covers,1.0,51.15683,5.60841,40.2
366877,Belgium Citizen Science,31UFS824706,Land Covers,1.0,51.15773,5.60846,41.9
367505,Belgium Citizen Science,31UFS824710,Land Covers,2.0,51.16132,5.60866,39.4
366878,Belgium Citizen Science,31UFS824711,Land Covers,1.0,51.16222,5.60872,44.4
366875,Belgium Citizen Science,31UFS825702,Land Covers,2.0,51.1541,5.60969,39.1
366873,Belgium Citizen Science,31UFS826693,Land Covers,1.0,51.14599,5.61066,41.2
366506,Belgium Citizen Science,31UFS827300,Land Covers,1.0,50.79291,5.59235,105.5
367507,Belgium Citizen Science,31UFS827693,Land Covers,1.0,51.14596,5.61209,41.0
362215,Belgium Citizen Science,31UFS828301,Land Covers,17.0,50.79378,5.59381,103.3
363048,Belgium Citizen Science,31UFS829301,Land Covers,3.0,50.79375,5.59523,104.7
367016,Belgium Citizen Science,31UFS830302,Land Covers,1.0,50.79462,5.5967,104.2
368669,Belgium Citizen Science,31UFS831302,Land Covers,1.0,50.79458,5.59812,104.7
368670,Belgium Citizen Science,31UFS833303,Land Covers,1.0,50.79542,5.601,102.5
368671,Belgium Citizen Science,31UFS835304,Land Covers,1.0,50.79625,5.60389,100.7
368672,Belgium Citizen Science,31UFS836306,Land Covers,1.0,50.79802,5.6054,104.8
368673,Belgium Citizen Science,31UFS837306,Land Covers,1.0,50.79799,5.60682,100.3
368087,Benjamin Franklin Science Corner,19QDA067429,Land Covers,2.0,18.47439,-69.8837,13.9
368088,Benjamin Franklin Science Corner,19QDA068429,Land Covers,1.0,18.4744,-69.88275,7.1
346344,Bishop Conaty-Our Lady of Loretto High School,11SLT797680,Land Covers,1.0,34.0458,-118.30334,63.8
105005,Boleslaw Prus Primary School No. 1 in Gora,33UXT064246,Land Covers,6.0,51.6623,16.53837,88.2
367245,Bowling Green State University (USOHP793),17TKG827219,Land Covers,1.0,41.71922,-83.61228,190.2
367898,Bozeman Field School ,12TVR985437,Land Covers,1.0,45.54684,-111.01922,2052.0
366730,Brazil Citizen Science,22JDS514932,Land Covers,1.0,-25.37717,-51.4831,1050.3
368664,Brazil Citizen Science,24MXT991457,Land Covers,1.0,-6.8207,-37.19836,212.3
368665,Brazil Citizen Science,24MXT991458,Land Covers,1.0,-6.8198,-37.19836,211.0
368667,Brazil Citizen Science,24MXT991459,Land Covers,1.0,-6.81889,-37.19837,210.8
366901,Brazil Citizen Science,25MBP533549,Land Covers,1.0,-5.83181,-35.22793,41.6
365900,Canada Citizen Science,12UUE381426,Land Covers,1.0,53.60717,-113.44713,678.9
365899,Canada Citizen Science,12UUE385454,Land Covers,1.0,53.63243,-113.44254,684.8
365893,Canada Citizen Science,12UUE388425,Land Covers,1.0,53.60648,-113.43651,677.6
365868,Canada Citizen Science,12UUE389419,Land Covers,1.0,53.60113,-113.43469,665.2
365892,Canada Citizen Science,12UUE390425,Land Covers,1.0,53.60655,-113.43349,676.6
365898,Canada Citizen Science,12UUE392455,Land Covers,1.0,53.63355,-113.43202,689.6
365897,Canada Citizen Science,12UUE400453,Land Covers,1.0,53.632,-113.41983,680.2
365896,Canada Citizen Science,12UUE401431,Land Covers,1.0,53.61227,-113.41718,674.9
365894,Canada Citizen Science,12UUE402431,Land Covers,1.0,53.6123,-113.41567,673.9
365895,Canada Citizen Science,12UUE402432,Land Covers,1.0,53.6132,-113.41573,675.9
368515,Centro educativo Salesiana San Jose,19QCA994396,Land Covers,1.0,18.44424,-69.95267,46.0
368444,Centro educativo Salesiana San Jose,19QCA995396,Land Covers,1.0,18.44424,-69.95172,45.4
368445,Centro en Artes Instituto de Señoritas Salomé Ureña,19QCA994396,Land Covers,1.0,18.44424,-69.95267,46.0
366438,Champlin Park High School,11SMS955327,Land Covers,1.0,32.83233,-117.04808,94.9
368523,Champlin Park High School,14TQT242811,Land Covers,1.0,47.64444,-96.01479,370.4
367851,Champlin Park High School,15TVK421445,Land Covers,1.0,44.65153,-93.73022,231.2
368131,Champlin Park High School,15TVK664902,Land Covers,1.0,45.06446,-93.42679,274.3
367371,Champlin Park High School,15TVK703995,Land Covers,2.0,45.14835,-93.37781,265.8
366018,Champlin Park High School,15TVK704996,Land Covers,1.0,45.14926,-93.37654,266.4
364914,Champlin Park High School,15TVK706955,Land Covers,5.0,45.11236,-93.37376,267.5
366276,Champlin Park High School,15TVK718992,Land Covers,1.0,45.14571,-93.35871,264.6
365039,Champlin Park High School,15TVK719992,Land Covers,9.0,45.14572,-93.35744,261.6
365337,Champlin Park High School,15TVK719993,Land Covers,2.0,45.14662,-93.35744,266.6
366823,Champlin Park High School,15TVK719994,Land Covers,1.0,45.14752,-93.35745,268.4
365202,Champlin Park High School,15TVK719995,Land Covers,2.0,45.14842,-93.35745,265.5
367443,Champlin Park High School,15TVK720994,Land Covers,1.0,45.14752,-93.35618,268.8
365156,Champlin Park High School,15TVK720997,Land Covers,4.0,45.15022,-93.35619,265.4
364963,Champlin Park High School,15TVK721996,Land Covers,2.0,45.14933,-93.35492,265.2
364747,Champlin Park High School,15TVK721997,Land Covers,6.0,45.15023,-93.35492,264.7
332919,Champlin Park High School,15TVK721998,Land Covers,43.0,45.15113,-93.35493,264.3
366801,Champlin Park High School,15TVK721999,Land Covers,1.0,45.15203,-93.35493,262.9
364873,Champlin Park High School,15TVK722994,Land Covers,3.0,45.14753,-93.35363,264.8
364854,Champlin Park High School,15TVK722995,Land Covers,3.0,45.14843,-93.35364,263.1
365374,Champlin Park High School,15TVK722996,Land Covers,4.0,45.14933,-93.35364,265.7
365345,Champlin Park High School,15TVK722997,Land Covers,2.0,45.15023,-93.35365,264.8
365350,Champlin Park High School,15TVK722998,Land Covers,3.0,45.15113,-93.35365,264.0
366329,Champlin Park High School,15TVK723994,Land Covers,1.0,45.14753,-93.35236,261.0
365370,Champlin Park High School,15TVK723995,Land Covers,2.0,45.14843,-93.35237,263.7
365344,Champlin Park High School,15TVK723996,Land Covers,1.0,45.14933,-93.35237,265.3
366180,Champlin Park High School,15TVK749919,Land Covers,1.0,45.08012,-93.31891,259.4
367879,Champlin Park High School,15TVK783676,Land Covers,1.0,44.86149,-93.27467,256.0
368623,Champlin Park High School,15TVK859916,Land Covers,1.0,45.07772,-93.17914,272.3
368622,Champlin Park High School,15TVK908918,Land Covers,1.0,45.0796,-93.11689,282.9
366538,Champlin Park High School,15TVL634080,Land Covers,1.0,45.22454,-93.4662,258.3
367458,Champlin Park High School,15TVL650052,Land Covers,1.0,45.19942,-93.44563,263.9
365005,Champlin Park High School,15TVL651044,Land Covers,1.0,45.19222,-93.4443,273.3
365524,Champlin Park High School,15TVL662044,Land Covers,2.0,45.19227,-93.43029,262.1
366257,Champlin Park High School,15TVL667035,Land Covers,1.0,45.1842,-93.42387,262.2
365549,Champlin Park High School,15TVL669041,Land Covers,7.0,45.18961,-93.42136,261.0
365928,Champlin Park High School,15TVL671034,Land Covers,6.0,45.18332,-93.41877,261.6
366028,Champlin Park High School,15TVL671035,Land Covers,1.0,45.18422,-93.41878,262.4
367501,Champlin Park High School,15TVL680026,Land Covers,1.0,45.17616,-93.40726,267.1
365769,Champlin Park High School,15TVL680033,Land Covers,3.0,45.18246,-93.40731,264.2
364994,Champlin Park High School,15TVL684013,Land Covers,5.0,45.16447,-93.40209,274.0
365810,Champlin Park High School,15TVL685014,Land Covers,2.0,45.16538,-93.40082,270.8
366250,Champlin Park High School,15TVL686014,Land Covers,2.0,45.16538,-93.39955,272.3
366231,Champlin Park High School,15TVL695017,Land Covers,1.0,45.16812,-93.38812,267.2
366141,Champlin Park High School,15TVL696016,Land Covers,1.0,45.16723,-93.38684,268.0
364881,Champlin Park High School,15TVL702023,Land Covers,1.0,45.17355,-93.37925,262.0
365053,Champlin Park High School,15TVL704018,Land Covers,2.0,45.16906,-93.37667,263.1
365718,Champlin Park High School,15TVL706019,Land Covers,5.0,45.16997,-93.37413,264.0
367717,Champlin Park High School,15TVL706020,Land Covers,1.0,45.17087,-93.37414,263.1
366749,Champlin Park High School,15TVL707020,Land Covers,1.0,45.17087,-93.37287,263.3
366134,Champlin Park High School,15TVL713008,Land Covers,2.0,45.1601,-93.36516,263.3
366914,Champlin Park High School,15TVL725008,Land Covers,2.0,45.16014,-93.34989,260.2
366739,Champlin Park High School,15TVL725009,Land Covers,1.0,45.16104,-93.3499,259.1
366832,Champlin Park High School,15TVL726008,Land Covers,1.0,45.16015,-93.34862,258.2
367537,Champlin Park High School,15TWJ675628,Land Covers,1.0,43.91522,-92.15928,404.5
367689,Champlin Park High School,15TWJ704622,Land Covers,1.0,43.90955,-92.12324,372.5
367600,Champlin Park High School,15TWJ708622,Land Covers,1.0,43.90951,-92.11826,359.0
367616,Champlin Park High School,15TXL309943,Land Covers,1.0,45.98977,-91.3098,419.9
368513,CI Bilingual ,19QDA005432,Land Covers,1.0,18.47682,-69.94243,51.7
368508,CI BILINGUAL SCHOOL,19QDA005432,Land Covers,1.0,18.47682,-69.94243,51.7
368065,Colegio Montessori de Cartagena,19QDA067429,Land Covers,1.0,18.47439,-69.8837,13.9
368164,Colegio Montessori de Cartagena,19QDA067431,Land Covers,1.0,18.4762,-69.88371,11.8
368414,Colegio Santa Rosa de Lima,19QCA994396,Land Covers,1.0,18.44424,-69.95267,46.0
150748,College of Earth Ocean Atmospheric Sciences (CEOAS) GLOBE v-School,10TDQ956541,Land Covers,1.0,44.74027,-123.05558,60.8
135582,College of Earth Ocean Atmospheric Sciences (CEOAS) GLOBE v-School,10TER256382,Land Covers,2.0,45.49686,-122.67235,12.5
366144,College of Earth Ocean Atmospheric Sciences (CEOAS) GLOBE v-School,10TER292221,Land Covers,1.0,45.3518,-122.62723,86.2
144250,College of Earth Ocean Atmospheric Sciences (CEOAS) GLOBE v-School,10TER983173,Land Covers,1.0,45.30232,-121.74617,1209.5
367131,College of Earth Ocean Atmospheric Sciences (CEOAS) GLOBE v-School,10TFP668808,Land Covers,1.0,44.06139,-120.9174,1057.8
367148,College of Earth Ocean Atmospheric Sciences (CEOAS) GLOBE v-School,10TFQ190839,Land Covers,1.0,44.99857,-121.49018,758.6
367147,College of Earth Ocean Atmospheric Sciences (CEOAS) GLOBE v-School,10TFQ404573,Land Covers,1.0,44.75532,-121.22616,418.9
237186,College of Earth Ocean Atmospheric Sciences (CEOAS) GLOBE v-School,10TFR040175,Land Covers,2.0,45.3033,-121.67344,1300.9
171662,College of Earth Ocean Atmospheric Sciences (CEOAS) GLOBE v-School,10TFR064182,Land Covers,1.0,45.30924,-121.64269,1424.9
348330,College of Earth Ocean Atmospheric Sciences (CEOAS) GLOBE v-School,10TFR148626,Land Covers,1.0,45.70744,-121.52517,103.8
367335,College of Earth Ocean Atmospheric Sciences (CEOAS) GLOBE v-School,10TFR150617,Land Covers,2.0,45.6993,-121.52281,148.4
367883,College of Earth Ocean Atmospheric Sciences (CEOAS) GLOBE v-School,10TFR151617,Land Covers,1.0,45.69929,-121.52153,142.2
367122,College of Earth Ocean Atmospheric Sciences (CEOAS) GLOBE v-School,10TGP076479,Land Covers,2.0,43.75506,-120.42126,1354.6
149424,College of Earth Ocean Atmospheric Sciences (CEOAS) GLOBE v-School,10TGR176667,Land Covers,1.0,45.71963,-120.20387,84.2
367151,College of Earth Ocean Atmospheric Sciences (CEOAS) GLOBE v-School,11TLH715928,Land Covers,1.0,43.27706,-118.58365,1250.2
367150,College of Earth Ocean Atmospheric Sciences (CEOAS) GLOBE v-School,11TLH882833,Land Covers,1.0,43.1942,-118.37597,1239.4
367149,College of Earth Ocean Atmospheric Sciences (CEOAS) GLOBE v-School,11TLH994725,Land Covers,1.0,43.09855,-118.2362,1551.2
367175,College of Earth Ocean Atmospheric Sciences (CEOAS) GLOBE v-School,11TLJ124225,Land Covers,1.0,43.53188,-119.3217,1386.0
367154,College of Earth Ocean Atmospheric Sciences (CEOAS) GLOBE v-School,11TLJ377277,Land Covers,1.0,43.5846,-119.01035,1263.0
367166,College of Earth Ocean Atmospheric Sciences (CEOAS) GLOBE v-School,11TMF344993,Land Covers,1.0,41.54267,-117.78649,1327.8
367153,College of Earth Ocean Atmospheric Sciences (CEOAS) GLOBE v-School,11TMG304906,Land Covers,1.0,42.36456,-117.84524,1470.4
367152,College of Earth Ocean Atmospheric Sciences (CEOAS) GLOBE v-School,11TMG365723,Land Covers,1.0,42.20028,-117.76916,1436.6
367167,College of Earth Ocean Atmospheric Sciences (CEOAS) GLOBE v-School,11TMG407510,Land Covers,1.0,42.00879,-117.71613,1357.2
367064,College of Earth Ocean Atmospheric Sciences (CEOAS) GLOBE v-School,11TNF829089,Land Covers,1.0,40.72686,-116.01834,1505.0
299958,College of Earth Ocean Atmospheric Sciences (CEOAS) GLOBE v-School,11TNJ020773,Land Covers,1.0,44.04886,-116.97503,657.6
367077,College of Earth Ocean Atmospheric Sciences (CEOAS) GLOBE v-School,11TPF597438,Land Covers,1.0,41.02977,-115.1003,2911.4
367076,College of Earth Ocean Atmospheric Sciences (CEOAS) GLOBE v-School,11TPF597439,Land Covers,1.0,41.03067,-115.10027,2890.8
367075,College of Earth Ocean Atmospheric Sciences (CEOAS) GLOBE v-School,11TPF598440,Land Covers,1.0,41.03155,-115.09906,2809.1
367073,College of Earth Ocean Atmospheric Sciences (CEOAS) GLOBE v-School,11TPF600441,Land Covers,1.0,41.03241,-115.09665,2788.0
367078,College of Earth Ocean Atmospheric Sciences (CEOAS) GLOBE v-School,11TPF602442,Land Covers,1.0,41.03327,-115.09425,2775.3
367072,College of Earth Ocean Atmospheric Sciences (CEOAS) GLOBE v-School,11TPF603443,Land Covers,3.0,41.03415,-115.09304,2774.3
367079,College of Earth Ocean Atmospheric Sciences (CEOAS) GLOBE v-School,11TPF605441,Land Covers,1.0,41.03231,-115.09071,2803.9
367065,College of Earth Ocean Atmospheric Sciences (CEOAS) GLOBE v-School,11TPF606441,Land Covers,1.0,41.03229,-115.08952,2763.0
367071,College of Earth Ocean Atmospheric Sciences (CEOAS) GLOBE v-School,11TPF608441,Land Covers,1.0,41.03225,-115.08714,2713.3
367066,College of Earth Ocean Atmospheric Sciences (CEOAS) GLOBE v-School,11TPF609435,Land Covers,2.0,41.02683,-115.08611,2551.0
367068,College of Earth Ocean Atmospheric Sciences (CEOAS) GLOBE v-School,11TPF611436,Land Covers,1.0,41.02769,-115.08371,2553.0
367070,College of Earth Ocean Atmospheric Sciences (CEOAS) GLOBE v-School,11TPF611439,Land Covers,1.0,41.03039,-115.08363,2640.6
367067,College of Earth Ocean Atmospheric Sciences (CEOAS) GLOBE v-School,11TPF612435,Land Covers,1.0,41.02677,-115.08254,2538.2
367069,College of Earth Ocean Atmospheric Sciences (CEOAS) GLOBE v-School,11TPF614438,Land Covers,1.0,41.02943,-115.08009,2575.6
366335,College of Earth Ocean Atmospheric Sciences (CEOAS) GLOBE v-School,12TVK640834,Land Covers,1.0,40.50053,-111.42486,1700.0
366334,College of Earth Ocean Atmospheric Sciences (CEOAS) GLOBE v-School,12TVK640835,Land Covers,1.0,40.50143,-111.42487,1698.3
366460,College of Earth Ocean Atmospheric Sciences (CEOAS) GLOBE v-School,12TVK781625,Land Covers,1.0,40.31273,-111.25774,2363.1
366461,College of Earth Ocean Atmospheric Sciences (CEOAS) GLOBE v-School,12TVK865542,Land Covers,1.0,40.23813,-111.15871,2319.7
366462,College of Earth Ocean Atmospheric Sciences (CEOAS) GLOBE v-School,12TWK094497,Land Covers,1.0,40.19764,-110.88956,2025.7
366459,College of Earth Ocean Atmospheric Sciences (CEOAS) GLOBE v-School,12TWK192503,Land Covers,1.0,40.20288,-110.7744,1974.7
366457,College of Earth Ocean Atmospheric Sciences (CEOAS) GLOBE v-School,12TXK192720,Land Covers,1.0,40.39008,-109.59556,1652.7
367171,College of Earth Ocean Atmospheric Sciences (CEOAS) GLOBE v-School,13SBD965135,Land Covers,1.0,38.94684,-107.34821,1986.9
367204,College of Earth Ocean Atmospheric Sciences (CEOAS) GLOBE v-School,13SCC335990,Land Covers,1.0,38.82406,-106.918,2656.2
367190,College of Earth Ocean Atmospheric Sciences (CEOAS) GLOBE v-School,13SCC390854,Land Covers,1.0,38.70259,-106.8515,2480.3
367189,College of Earth Ocean Atmospheric Sciences (CEOAS) GLOBE v-School,13SCC393895,Land Covers,1.0,38.73957,-106.84901,2531.7
367206,College of Earth Ocean Atmospheric Sciences (CEOAS) GLOBE v-School,13SCC402819,Land Covers,1.0,38.67128,-106.8369,2457.0
367211,College of Earth Ocean Atmospheric Sciences (CEOAS) GLOBE v-School,13SCC463879,Land Covers,1.0,38.7264,-106.76815,2553.7
367212,College of Earth Ocean Atmospheric Sciences (CEOAS) GLOBE v-School,13SCC487885,Land Covers,1.0,38.73222,-106.74068,2581.9
367191,College of Earth Ocean Atmospheric Sciences (CEOAS) GLOBE v-School,13SCC556917,Land Covers,1.0,38.7622,-106.662,2692.1
366977,College of Earth Ocean Atmospheric Sciences (CEOAS) GLOBE v-School,13SCC603977,Land Covers,1.0,38.81701,-106.60914,2832.0
367213,College of Earth Ocean Atmospheric Sciences (CEOAS) GLOBE v-School,13SCC608978,Land Covers,1.0,38.81799,-106.6034,2869.5
367187,College of Earth Ocean Atmospheric Sciences (CEOAS) GLOBE v-School,13SCC776985,Land Covers,1.0,38.82679,-106.41007,3716.5
367180,College of Earth Ocean Atmospheric Sciences (CEOAS) GLOBE v-School,13SCC776986,Land Covers,1.0,38.82769,-106.41009,3700.7
367176,College of Earth Ocean Atmospheric Sciences (CEOAS) GLOBE v-School,13SCC932966,Land Covers,1.0,38.8117,-106.2301,2647.6
367177,College of Earth Ocean Atmospheric Sciences (CEOAS) GLOBE v-School,13SCD010112,Land Covers,1.0,38.92717,-107.29566,2353.6
367172,College of Earth Ocean Atmospheric Sciences (CEOAS) GLOBE v-School,13SCD024335,Land Covers,1.0,39.12828,-107.28598,2666.5
367173,College of Earth Ocean Atmospheric Sciences (CEOAS) GLOBE v-School,13SCD032324,Land Covers,1.0,39.11855,-107.27641,2516.1
367178,College of Earth Ocean Atmospheric Sciences (CEOAS) GLOBE v-School,13SCD063091,Land Covers,1.0,38.90944,-107.23397,2645.5
367158,College of Earth Ocean Atmospheric Sciences (CEOAS) GLOBE v-School,13SCD101012,Land Covers,1.0,38.83914,-107.18799,3035.9
367157,College of Earth Ocean Atmospheric Sciences (CEOAS) GLOBE v-School,13SCD101013,Land Covers,1.0,38.84004,-107.18802,3055.0
367156,College of Earth Ocean Atmospheric Sciences (CEOAS) GLOBE v-School,13SCD103015,Land Covers,1.0,38.84188,-107.18577,3062.3
367155,College of Earth Ocean Atmospheric Sciences (CEOAS) GLOBE v-School,13SCD103020,Land Covers,1.0,38.84638,-107.18591,2993.7
367163,College of Earth Ocean Atmospheric Sciences (CEOAS) GLOBE v-School,13SCD104021,Land Covers,2.0,38.8473,-107.18478,2966.8
367164,College of Earth Ocean Atmospheric Sciences (CEOAS) GLOBE v-School,13SCD105061,Land Covers,2.0,38.88335,-107.18473,2741.4
367162,College of Earth Ocean Atmospheric Sciences (CEOAS) GLOBE v-School,13SCD109025,Land Covers,2.0,38.85101,-107.17914,2918.6
367161,College of Earth Ocean Atmospheric Sciences (CEOAS) GLOBE v-School,13SCD110027,Land Covers,2.0,38.85284,-107.17804,2896.1
367174,College of Earth Ocean Atmospheric Sciences (CEOAS) GLOBE v-School,13SCD112270,Land Covers,1.0,39.0717,-107.18244,2421.2
367160,College of Earth Ocean Atmospheric Sciences (CEOAS) GLOBE v-School,13SCD117030,Land Covers,2.0,38.85569,-107.17006,2791.2
367192,College of Earth Ocean Atmospheric Sciences (CEOAS) GLOBE v-School,13SCD121033,Land Covers,1.0,38.85848,-107.16553,2729.4
367194,College of Earth Ocean Atmospheric Sciences (CEOAS) GLOBE v-School,13SCD122036,Land Covers,1.0,38.8612,-107.16446,2715.6
367165,College of Earth Ocean Atmospheric Sciences (CEOAS) GLOBE v-School,13SCD122268,Land Covers,1.0,39.07011,-107.17083,2463.9
367197,College of Earth Ocean Atmospheric Sciences (CEOAS) GLOBE v-School,13SCD126035,Land Covers,1.0,38.86038,-107.15983,2693.8
367159,College of Earth Ocean Atmospheric Sciences (CEOAS) GLOBE v-School,13SCD126039,Land Covers,1.0,38.86399,-107.15994,2709.3
367183,College of Earth Ocean Atmospheric Sciences (CEOAS) GLOBE v-School,13SCD142029,Land Covers,1.0,38.85532,-107.14124,2736.5
367182,College of Earth Ocean Atmospheric Sciences (CEOAS) GLOBE v-School,13SCD157037,Land Covers,1.0,38.86284,-107.12418,2874.1
367205,College of Earth Ocean Atmospheric Sciences (CEOAS) GLOBE v-School,13SCD158036,Land Covers,1.0,38.86196,-107.123,2846.1
367207,College of Earth Ocean Atmospheric Sciences (CEOAS) GLOBE v-School,13SCD180031,Land Covers,1.0,38.85791,-107.09753,3007.1
367200,College of Earth Ocean Atmospheric Sciences (CEOAS) GLOBE v-School,13SCD201028,Land Covers,1.0,38.85565,-107.07326,2955.0
367202,College of Earth Ocean Atmospheric Sciences (CEOAS) GLOBE v-School,13SCD286036,Land Covers,1.0,38.86455,-106.97556,2699.3
367181,College of Earth Ocean Atmospheric Sciences (CEOAS) GLOBE v-School,13SCD293078,Land Covers,1.0,38.90251,-106.96854,2861.6
366975,College of Earth Ocean Atmospheric Sciences (CEOAS) GLOBE v-School,13SCD294074,Land Covers,1.0,38.89893,-106.96729,2844.0
367188,College of Earth Ocean Atmospheric Sciences (CEOAS) GLOBE v-School,13SCD294075,Land Covers,1.0,38.89983,-106.96731,2852.2
367203,College of Earth Ocean Atmospheric Sciences (CEOAS) GLOBE v-School,13SCD295073,Land Covers,1.0,38.89805,-106.96611,2847.3
367195,College of Earth Ocean Atmospheric Sciences (CEOAS) GLOBE v-School,13SCD295074,Land Covers,1.0,38.89895,-106.96613,2852.1
367201,College of Earth Ocean Atmospheric Sciences (CEOAS) GLOBE v-School,13SCD296073,Land Covers,1.0,38.89807,-106.96496,2863.6
367196,College of Earth Ocean Atmospheric Sciences (CEOAS) GLOBE v-School,13SCD560140,Land Covers,1.0,38.96314,-106.66207,3005.2
367198,College of Earth Ocean Atmospheric Sciences (CEOAS) GLOBE v-School,13SCD561142,Land Covers,1.0,38.96496,-106.66095,3009.2
367208,College of Earth Ocean Atmospheric Sciences (CEOAS) GLOBE v-School,13SCD563144,Land Covers,1.0,38.96679,-106.65869,3006.1
367210,College of Earth Ocean Atmospheric Sciences (CEOAS) GLOBE v-School,13SCD600122,Land Covers,1.0,38.94758,-106.61555,2979.9
367214,College of Earth Ocean Atmospheric Sciences (CEOAS) GLOBE v-School,13SCD608112,Land Covers,1.0,38.9387,-106.60611,2961.8
366609,College of Earth Ocean Atmospheric Sciences (CEOAS) GLOBE v-School,13SCD627321,Land Covers,1.0,39.12726,-106.58841,3663.8
366607,College of Earth Ocean Atmospheric Sciences (CEOAS) GLOBE v-School,13SCD630322,Land Covers,1.0,39.12821,-106.58496,3627.0
366611,College of Earth Ocean Atmospheric Sciences (CEOAS) GLOBE v-School,13SCD631319,Land Covers,1.0,39.12552,-106.58374,3553.8
366608,College of Earth Ocean Atmospheric Sciences (CEOAS) GLOBE v-School,13SCD633324,Land Covers,1.0,39.13006,-106.58153,3573.4
367199,College of Earth Ocean Atmospheric Sciences (CEOAS) GLOBE v-School,13SCD643054,Land Covers,1.0,38.887,-106.5646,2905.2
366610,College of Earth Ocean Atmospheric Sciences (CEOAS) GLOBE v-School,13SCD647296,Land Covers,1.0,39.10505,-106.56478,3670.8
366613,College of Earth Ocean Atmospheric Sciences (CEOAS) GLOBE v-School,13SCD647299,Land Covers,1.0,39.10776,-106.56484,3688.1
366612,College of Earth Ocean Atmospheric Sciences (CEOAS) GLOBE v-School,13SCD665284,Land Covers,1.0,39.09452,-106.54374,3265.8
367185,College of Earth Ocean Atmospheric Sciences (CEOAS) GLOBE v-School,13SCD771004,Land Covers,1.0,38.84384,-106.41617,3582.0
366473,College of Earth Ocean Atmospheric Sciences (CEOAS) GLOBE v-School,13SCD815734,Land Covers,1.0,39.50206,-106.37826,2688.4
366470,College of Earth Ocean Atmospheric Sciences (CEOAS) GLOBE v-School,13SCD834693,Land Covers,1.0,39.46539,-106.35545,2871.4
366614,College of Earth Ocean Atmospheric Sciences (CEOAS) GLOBE v-School,13SCD838279,Land Covers,1.0,39.09249,-106.34366,2802.6
366471,College of Earth Ocean Atmospheric Sciences (CEOAS) GLOBE v-School,13SCD870577,Land Covers,1.0,39.36137,-106.31165,3172.3
366472,College of Earth Ocean Atmospheric Sciences (CEOAS) GLOBE v-School,13SCD876437,Land Covers,1.0,39.23533,-106.30235,3065.8
367170,College of Earth Ocean Atmospheric Sciences (CEOAS) GLOBE v-School,13SDD150070,Land Covers,1.0,38.90778,-105.98034,2877.3
367169,College of Earth Ocean Atmospheric Sciences (CEOAS) GLOBE v-School,13SDD346627,Land Covers,1.0,39.41134,-105.75968,3066.2
367168,College of Earth Ocean Atmospheric Sciences (CEOAS) GLOBE v-School,13SDD347627,Land Covers,1.0,39.41135,-105.75852,3055.4
366976,College of Earth Ocean Atmospheric Sciences (CEOAS) GLOBE v-School,13SDD561626,Land Covers,1.0,39.4118,-105.50994,2419.8
366605,College of Earth Ocean Atmospheric Sciences (CEOAS) GLOBE v-School,13SDE300024,Land Covers,1.0,39.76865,-105.8173,3026.7
366850,College of Earth Ocean Atmospheric Sciences (CEOAS) GLOBE v-School,13SDE491225,Land Covers,1.0,39.9511,-105.59587,2739.5
366849,College of Earth Ocean Atmospheric Sciences (CEOAS) GLOBE v-School,13SDE570239,Land Covers,1.0,39.96415,-105.50349,2480.0
366606,College of Earth Ocean Atmospheric Sciences (CEOAS) GLOBE v-School,13SDE815072,Land Covers,1.0,39.81458,-105.21615,1786.3
366919,College of Earth Ocean Atmospheric Sciences (CEOAS) GLOBE v-School,13SDE872079,Land Covers,2.0,39.82099,-105.14956,1675.1
366918,College of Earth Ocean Atmospheric Sciences (CEOAS) GLOBE v-School,13SDE873077,Land Covers,1.0,39.81919,-105.14839,1683.9
366923,College of Earth Ocean Atmospheric Sciences (CEOAS) GLOBE v-School,13SDE873078,Land Covers,2.0,39.82009,-105.14839,1686.5
366922,College of Earth Ocean Atmospheric Sciences (CEOAS) GLOBE v-School,13SDE873079,Land Covers,1.0,39.82099,-105.1484,1674.7
366920,College of Earth Ocean Atmospheric Sciences (CEOAS) GLOBE v-School,13SDE873080,Land Covers,1.0,39.82189,-105.1484,1670.5
366921,College of Earth Ocean Atmospheric Sciences (CEOAS) GLOBE v-School,13SDE874078,Land Covers,1.0,39.82009,-105.14723,1689.0
366458,College of Earth Ocean Atmospheric Sciences (CEOAS) GLOBE v-School,13TCE536705,Land Covers,1.0,40.37223,-106.72445,2831.9
366450,College of Earth Ocean Atmospheric Sciences (CEOAS) GLOBE v-School,13TCE537707,Land Covers,1.0,40.37405,-106.72332,2838.2
366452,College of Earth Ocean Atmospheric Sciences (CEOAS) GLOBE v-School,13TCE615733,Land Covers,2.0,40.3988,-106.63204,2905.2
366455,College of Earth Ocean Atmospheric Sciences (CEOAS) GLOBE v-School,13TCE616733,Land Covers,1.0,40.39881,-106.63087,2901.2
366451,College of Earth Ocean Atmospheric Sciences (CEOAS) GLOBE v-School,13TCE626734,Land Covers,1.0,40.39988,-106.61911,2911.4
366456,College of Earth Ocean Atmospheric Sciences (CEOAS) GLOBE v-School,13TCE730288,Land Covers,1.0,39.99985,-106.48779,2357.6
366453,College of Earth Ocean Atmospheric Sciences (CEOAS) GLOBE v-School,13TCE788446,Land Covers,1.0,40.14301,-106.42282,2304.1
366454,College of Earth Ocean Atmospheric Sciences (CEOAS) GLOBE v-School,13TCE830335,Land Covers,1.0,40.04362,-106.37152,2235.7
366600,College of Earth Ocean Atmospheric Sciences (CEOAS) GLOBE v-School,13TDE520584,Land Covers,1.0,40.2747,-105.56459,2962.3
366602,College of Earth Ocean Atmospheric Sciences (CEOAS) GLOBE v-School,13TDE526579,Land Covers,1.0,40.27023,-105.5575,2882.0
366599,College of Earth Ocean Atmospheric Sciences (CEOAS) GLOBE v-School,13TDE526580,Land Covers,1.0,40.27113,-105.55751,2877.7
366601,College of Earth Ocean Atmospheric Sciences (CEOAS) GLOBE v-School,13TDE546548,Land Covers,1.0,40.24241,-105.53376,2623.0
366604,College of Earth Ocean Atmospheric Sciences (CEOAS) GLOBE v-School,13TDE574488,Land Covers,1.0,40.18851,-105.50044,2523.0
366603,College of Earth Ocean Atmospheric Sciences (CEOAS) GLOBE v-School,13TDE694473,Land Covers,1.0,40.17552,-105.3594,1979.8
366642,College of Earth Ocean Atmospheric Sciences (CEOAS) GLOBE v-School,13TDE778297,Land Covers,2.0,40.01721,-105.26014,1613.7
365228,Crestwood High School,17TLG106879,Land Covers,2.0,42.32032,-83.29846,190.3
13092,Dome International Schools at Riyadh,Dome2025,Land Covers,2.0,24.81054,46.6051,603.8
367103,Dome International Schools at Riyadh,Huraymila Dam,Land Covers,1.0,25.09967,46.0814,670.0
13095,Dome International Schools at Riyadh,دوم 2024,Land Covers,1.0,24.81069,46.60506,605.0
368422,Dominican Republic GLOBE v-School,19QCA995396,Land Covers,1.0,18.44424,-69.95172,45.4
367477,Egypt Citizen Science,35RQQ473179,Land Covers,1.0,30.86856,29.58649,65.9
367774,Empangeni High School,eSikhawini H1,Land Covers,1.0,-28.86975,31.90438,13.5
368415,Escuela Nacional Para Sordos,19QCA995396,Land Covers,1.0,18.44424,-69.95172,45.4
368429,Escuela Nacional Para Sordos,Cuaba,Land Covers,1.0,18.44429,-69.9527,45.6
368071,Escuela No. 88 Alfredo B. Nobel,19QDA067429,Land Covers,1.0,18.47439,-69.8837,13.9
364655,Escuela Primaria Particular Incorporada N°1345 Nuestra Señora del Carmen,ARG 1345 Pujato-IBIRÁ PITÁ 1-Rosario,Land Covers,1.0,-32.93338,-60.64804,27.0
334711,Escuela Primaria Particular Incorporada N°1345 Nuestra Señora del Carmen,ARG 1345 Pujato-IBIRÁ PITÁ 2-Rosario,Land Covers,2.0,-32.93554,-60.64585,28.1
364655,Escuela Primaria Particular Incorporada N°1345 Nuestra Señora del Carmen,ARG 1345 Pujato-IBIRÁ PITÁ 2-Rosario,Land Covers,5.0,-32.93338,-60.64804,27.0
334661,Escuela Primaria Particular Incorporada N°1345 Nuestra Señora del Carmen,ARG 1345 Pujato-LAPACHO ROSADO 2023-Rosario,Land Covers,2.0,-32.93646,-60.6469,28.1
334661,Escuela Primaria Particular Incorporada N°1345 Nuestra Señora del Carmen,ARG 1345 Pujato-LAPACHO ROSADO 3-Rosario,Land Covers,3.0,-32.93646,-60.6469,28.1
366288,Escuela Primaria Particular Incorporada N°1345 Nuestra Señora del Carmen,ARG 1345 Pujato-MORERA ROJA-Rosario,Land Covers,3.0,-32.92853,-60.65673,23.3
334490,Escuela Primaria Particular Incorporada N°1345 Nuestra Señora del Carmen,ARG 1345 Pujato-NÍSPERO-Rosario,Land Covers,2.0,-32.93205,-60.65236,25.3
368257,Estonian Learning Expedition,Metsasarvetest,Land Covers,1.0,58.36417,26.79319,39.1
325137,Germany Citizen Science,32ULC378032,Land Covers,1.0,51.45671,6.66532,23.2
365818,Germany Citizen Science,33TXN342498,Land Covers,1.0,47.38786,16.77813,172.6
185232,Gifted Secondary School At Jeddah,ALWAJEHA,Land Covers,1.0,21.59024,39.10712,6.8
185322,Gifted Secondary School At Jeddah,m116,Land Covers,1.0,21.69197,39.10691,9.1
243670,GLOBE Implementation Office GLOBE v-School,19TCH420469,Land Covers,1.0,42.85836,-70.93399,25.3
332404,Grantham Park Primary School,36JUP924175,Land Covers,4.0,-28.76547,31.89779,91.6
366792,Greece GLOBE v-School,34TFK341668,Land Covers,1.0,40.34098,22.57885,31.3
368110,Guatemala Citizen Science,19QDA067429,Land Covers,1.0,18.47439,-69.8837,13.9
368179,Guatemala Citizen Science,19QDA067431,Land Covers,1.0,18.4762,-69.88371,11.8
366492,Hafsah bint sirin basic school,الخضراء,Land Covers,2.0,24.28348,55.80854,380.0
366493,Hafsah bint sirin basic school,خلف الجبل,Land Covers,3.0,24.23979,55.93285,380.0
367328,Institute for Earth Observations School,18SVK965275,Land Covers,1.0,39.99768,-75.041,4.9
367329,Institute for Earth Observations School,18TVK959280,Land Covers,1.0,40.00218,-75.04803,7.1
284550,Institute for Earth Observations School,18TVK964280,Land Covers,1.0,40.00218,-75.04218,3.9
367326,Institute for Earth Observations School,18TVK964285,Land Covers,1.0,40.00669,-75.04218,3.6
367327,Institute for Earth Observations School,18TVK967282,Land Covers,1.0,40.00398,-75.03866,2.5
367854,Institute for Global Environmental Strategies (IGES) GLOBE v-School,17SLV578446,Land Covers,1.0,35.63499,-82.57049,649.9
367853,Institute for Global Environmental Strategies (IGES) GLOBE v-School,17SLV578447,Land Covers,1.0,35.63589,-82.57051,636.8
246946,Institute for Global Environmental Strategies (IGES) GLOBE v-School,17SLV590442,Land Covers,1.0,35.63155,-82.55718,664.5
368425,Instituto Politécnico Ángeles Custodios,19QCA994396,Land Covers,1.0,18.44424,-69.95267,46.0
368519,Instituto Politécnico Ángeles Custodios,19QDA004433,Land Covers,1.0,18.47772,-69.94338,47.1
368447,Instituto politécnico Padre Bartolomé vehg ,19QCA994396,Land Covers,1.0,18.44424,-69.95267,46.0
368512,Instituto politécnico Padre Bartolomé vehg ,19QDA005432,Land Covers,1.0,18.47682,-69.94243,51.7
368465,Instituto Salesiano Don Bosco ,19QCA994396,Land Covers,1.0,18.44424,-69.95267,46.0
366857,Italy Citizen Science,32TPP454163,Land Covers,1.0,43.48549,10.79807,135.7
160487,Ivano-Frankivsk City Environmental Station,35ULQ310213,Land Covers,5.0,48.92155,24.69298,250.2
164164,Ivano-Frankivsk City Environmental Station,35ULQ339217,Land Covers,2.0,48.92593,24.73237,250.3
164154,Ivano-Frankivsk City Environmental Station,35ULQ340217,Land Covers,7.0,48.92595,24.73374,249.2
164161,Ivano-Frankivsk City Environmental Station,35ULQ343217,Land Covers,1.0,48.92603,24.73783,250.7
367575,Ivano-Frankivsk City Environmental Station,35ULR086028,Land Covers,1.0,49.64736,24.34851,319.4
367810,Jack Egnaty Senior High School,04VEP967423,Land Covers,1.0,61.70162,-157.17147,62.0
366510,Kokomo High School,16TDL631798,Land Covers,1.0,41.36887,-87.44122,220.0
367852,Kokomo High School,16TEK706826,Land Covers,1.0,40.4911,-86.16692,250.0
368342,Kokomo High School,16TEK724802,Land Covers,1.0,40.46933,-86.14595,240.8
365902,Kokomo High School,16TEK724832,Land Covers,1.0,40.49635,-86.14561,249.6
367093,Lithuania Citizen Science,35ULA878620,Land Covers,1.0,54.69281,25.2592,86.3
367944,Medicinska Skola Varazdin,33TXM086440,Land Covers,1.0,46.44083,16.41379,231.1
368407,Ministerio de Medio Ambiente,19QCA993396,Land Covers,1.0,18.44423,-69.95361,41.1
368464,Ministerio de Medio Ambiente,19QCA994396,Land Covers,1.0,18.44424,-69.95267,46.0
368450,Ministerio de Medio Ambiente,19QCA995396,Land Covers,2.0,18.44424,-69.95172,45.4
366926,Murie Science and Learning Center,06VVR057695,Land Covers,1.0,63.74043,-148.91046,459.7
333922,NASA Goddard Space Flight Center GLOBE v-School,18TXP923797,Land Covers,1.0,44.04525,-72.59967,441.6
361084,New Zealand Citizen Science,59GMK638228,Land Covers,2.0,-45.84741,170.53378,34.0
368423,Notre Dame School,19QCA994396,Land Covers,6.0,18.44424,-69.95267,46.0
368416,Notre Dame School,19QCA995396,Land Covers,6.0,18.44424,-69.95172,45.4
96995,Notre Dame School,19QDA005432,Land Covers,7.0,18.47682,-69.94243,55.1
144144,Old Town High School,Hardwood Neighborhood,Land Covers,1.0,44.9437,-68.6655,56.4
144143,Old Town High School,Softwood Neighborhood,Land Covers,1.0,44.9345,-68.6645,57.6
367825,OOU Krste Misirkov,34TFL257554,Land Covers,1.0,41.14018,22.49778,67.2
367917,OOU Liman Kaba,34TEM391602,Land Covers,2.0,42.09291,21.47281,619.2
367687,Osnovna šola Cankova,33TWL079576,Land Covers,1.0,45.67191,15.10143,403.0
367686,Osnovna šola Jurija Dalmatina Krško,33TWL079575,Land Covers,1.0,45.67101,15.10143,408.5
367685,Osnovna šola Leskovec pri Krškem,33TWL079575,Land Covers,1.0,45.67101,15.10143,408.5
366698,OU Kole Kaninski,34TEL289418,Land Covers,1.0,41.0269,21.34377,603.3
364227,Panevezys STEAM center,Meadow on the eastern side of Panevėžys STEAM center,Land Covers,3.0,55.72589,24.32949,51.8
368192,Paraguay GLOBE v-School,19QDA067431,Land Covers,1.0,18.4762,-69.88371,11.8
365402,Pima Community College Adult Ed,12RWA297115,Land Covers,4.0,31.73856,-110.68645,1461.5
366648,Pima Community College Adult Ed,12SVA937891,Land Covers,1.0,32.43901,-111.06702,819.5
366225,Pima Community College Adult Ed,12SVA983658,Land Covers,1.0,32.22883,-111.01804,734.9
365287,Pima Community College Adult Ed,12SVA983660,Land Covers,7.0,32.23063,-111.01804,735.1
365636,Pima Community College Adult Ed,12SVA984660,Land Covers,2.0,32.23063,-111.01698,734.2
366037,Pima Community College Adult Ed,12SWA029647,Land Covers,1.0,32.2189,-110.96922,730.4
365881,Pima Community College Adult Ed,12SWA030647,Land Covers,1.0,32.2189,-110.96816,731.4
343403,School 26,School 26 Poltava,Land Covers,1.0,49.56597,34.50866,157.7
127889,Science Club Huechulafquen (After School),19HCR229749,Land Covers,11.0,-39.95751,-71.07339,774.0
237637,Science Club Huechulafquen (After School),19HCR231753,Land Covers,1.0,-39.95395,-71.07094,778.9
368517,Science Club Huechulafquen (After School),19QDA005432,Land Covers,1.0,18.47682,-69.94243,51.7
368185,Science Club Huechulafquen (After School),19QDA067431,Land Covers,3.0,18.4762,-69.88371,11.8
351824,Selyshche Lyceum,36UUV537293,Land Covers,8.0,48.99925,30.99977,141.7
366275,South Africa Citizen Science,36JUP075351,Land Covers,1.0,-28.59681,31.03142,989.2
365930,Spinnaker Bay School,11SMT309763,Land Covers,1.0,34.12528,-117.74935,472.2
368066,STEAM Program Guatemala/USAC-GALILEO-UGTO,19QDA067429,Land Covers,2.0,18.47439,-69.8837,13.9
368170,STEAM Program Guatemala/USAC-GALILEO-UGTO,19QDA067431,Land Covers,3.0,18.4762,-69.88371,11.8
368223,STEAM Program Guatemala/USAC-GALILEO-UGTO,19QDA109435,Land Covers,1.0,18.48,-69.84395,37.2
368221,STEAM Program Guatemala/USAC-GALILEO-UGTO,19QDA109436,Land Covers,1.0,18.4809,-69.84395,33.4
368180,Suriname GHFS,19QDA067431,Land Covers,1.0,18.4762,-69.88371,11.8
366411,Switzerland Citizen Science,32TKS797200,Land Covers,1.0,46.19791,6.14469,379.8
366498,Switzerland Citizen Science,32TKS798201,Land Covers,1.0,46.19884,6.14594,380.4
367094,Switzerland Citizen Science,32TKS867656,Land Covers,1.0,46.61004,6.21451,1157.7
175644,Tennessee State University (USTNMVZZ),Old Courtyard Lawn NW,Land Covers,1.0,36.1649,-86.83069,153.2
366927,test liz org,11SLT942789,Land Covers,1.0,34.14565,-118.1476,256.0
292134,test liz org,11SMT015802,Land Covers,1.0,34.15808,-118.06858,248.9
366751,test liz org,11SMT023801,Land Covers,1.0,34.15726,-118.05989,240.2
366360,test liz org,11SMT029802,Land Covers,1.0,34.15822,-118.05339,234.2
307325,test-mobile school,11SMT309762,Land Covers,1.0,34.12437,-117.74934,473.7
366968,test_mobile school 1,18TWL790090,Land Covers,1.0,40.72814,-74.0645,24.6
340972,test_new_school,Test14,Land Covers,1.0,34.15689,-118.07256,243.3
326769,Um thar alghfari basic school,40RCM815814,Land Covers,3.0,24.24096,55.83281,314.5
368420,UNIBE,19QCA995396,Land Covers,1.0,18.44424,-69.95172,45.4
366763,United States of America Citizen Science,04QFJ395560,Land Covers,1.0,21.3005,-157.65512,3.3
366245,United States of America Citizen Science,05QKB830785,Land Covers,1.0,19.69001,-155.07009,49.2
366154,United States of America Citizen Science,05QKB831824,Land Covers,1.0,19.72525,-155.06959,1.4
366153,United States of America Citizen Science,05QKB832826,Land Covers,1.0,19.72706,-155.06866,0.7
366530,United States of America Citizen Science,06WVS587934,Land Covers,1.0,64.86237,-147.87135,148.9
367812,United States of America Citizen Science,06WVS587935,Land Covers,1.0,64.86326,-147.87137,148.9
366531,United States of America Citizen Science,06WVS589935,Land Covers,1.0,64.86329,-147.86716,152.3
306024,United States of America Citizen Science,06WVS590936,Land Covers,2.0,64.8642,-147.86507,149.3
291534,United States of America Citizen Science,06WVS609940,Land Covers,1.0,64.86801,-147.8251,149.4
367814,United States of America Citizen Science,06WVS626932,Land Covers,1.0,64.86103,-147.78902,133.5
367815,United States of America Citizen Science,06WVS630935,Land Covers,1.0,64.86377,-147.78066,133.1
366548,United States of America Citizen Science,10SEF890929,Land Covers,1.0,36.97801,-122.00003,16.3
366615,United States of America Citizen Science,10SEF916933,Land Covers,1.0,36.98136,-121.97078,31.3
366146,United States of America Citizen Science,10SEG490774,Land Covers,1.0,37.74258,-122.44384,136.7
365976,United States of America Citizen Science,10SEG499772,Land Covers,1.0,37.74073,-122.43364,134.5
365814,United States of America Citizen Science,10SEG834046,Land Covers,1.0,37.08398,-122.06165,161.5
365736,United States of America Citizen Science,10SEG855341,Land Covers,1.0,37.34967,-122.03464,53.1
366513,United States of America Citizen Science,10SEH855351,Land Covers,1.0,38.25987,-122.02272,11.0
366480,United States of America Citizen Science,10SEH857352,Land Covers,1.0,38.26075,-122.02042,12.7
366595,United States of America Citizen Science,10SFH014039,Land Covers,1.0,37.97707,-121.84545,111.0
366524,United States of America Citizen Science,10SGJ516462,Land Covers,1.0,39.22865,-120.08526,1938.9
366566,United States of America Citizen Science,10TDL065259,Land Covers,1.0,40.87884,-124.10971,5.8
366570,United States of America Citizen Science,10TDL067259,Land Covers,1.0,40.87886,-124.10734,6.9
366579,United States of America Citizen Science,10TDP964772,Land Covers,1.0,44.04795,-123.04494,132.7
82896,United States of America Citizen Science,10TDQ724375,Land Covers,1.0,44.59032,-123.34772,149.6
45411,United States of America Citizen Science,10TDQ773346,Land Covers,2.0,44.56438,-123.28586,75.0
365914,United States of America Citizen Science,10TDQ783369,Land Covers,1.0,44.58512,-123.27336,72.2
358505,United States of America Citizen Science,10TDQ793308,Land Covers,1.0,44.53023,-123.26052,73.6
366026,United States of America Citizen Science,10TDQ809353,Land Covers,1.0,44.57079,-123.24055,65.4
366215,United States of America Citizen Science,10TEL574747,Land Covers,3.0,41.32173,-122.31415,1108.7
367133,United States of America Citizen Science,10TEM100970,Land Covers,1.0,42.42525,-122.87844,387.3
366848,United States of America Citizen Science,10TEM272692,Land Covers,1.0,42.17447,-122.67067,658.7
365938,United States of America Citizen Science,10TEN120028,Land Covers,1.0,42.47746,-122.85401,395.7
366004,United States of America Citizen Science,10TER186481,Land Covers,1.0,45.58619,-122.76156,5.6
366571,United States of America Citizen Science,10TER219423,Land Covers,1.0,45.53389,-122.71952,109.5
366589,United States of America Citizen Science,10TER321364,Land Covers,1.0,45.48039,-122.58927,73.5
368005,United States of America Citizen Science,10TET408324,Land Covers,1.0,47.24382,-122.46088,112.9
335138,United States of America Citizen Science,10TET514755,Land Covers,1.0,47.63086,-122.31582,135.4
366585,United States of America Citizen Science,10TFN119185,Land Covers,1.0,42.61082,-121.63572,1393.8
366583,United States of America Citizen Science,10TFP341777,Land Covers,1.0,44.0402,-121.32627,1105.7
366543,United States of America Citizen Science,10TFP363770,Land Covers,1.0,44.0335,-121.299,1148.7
108073,United States of America Citizen Science,10UEU381993,Land Covers,1.0,48.74555,-122.48173,21.7
36034,United States of America Citizen Science,11SMT015802,Land Covers,3.0,34.15808,-118.06858,250.5
366357,United States of America Citizen Science,11SMT025802,Land Covers,1.0,34.15818,-118.05773,242.4
366017,United States of America Citizen Science,11TLM230288,Land Covers,1.0,46.28968,-119.29792,122.0
366221,United States of America Citizen Science,11TMJ981697,Land Covers,1.0,43.98043,-117.02369,685.5
366592,United States of America Citizen Science,11TNG707516,Land Covers,1.0,42.01325,-116.14614,1629.6
367962,United States of America Citizen Science,11TNJ001697,Land Covers,1.0,43.98044,-116.99875,666.2
367963,United States of America Citizen Science,11TNJ014698,Land Covers,1.0,43.98134,-116.98254,663.0
366590,United States of America Citizen Science,11TNJ259310,Land Covers,1.0,43.63154,-116.67893,735.3
366546,United States of America Citizen Science,11TNJ621307,Land Covers,1.0,43.6267,-116.23025,811.1
366565,United States of America Citizen Science,11TNJ658277,Land Covers,1.0,43.59937,-116.18475,824.9
366429,United States of America Citizen Science,11TNN164797,Land Covers,1.0,47.67048,-116.78154,655.1
366481,United States of America Citizen Science,11UPP999415,Land Covers,1.0,48.19524,-114.30994,901.3
366425,United States of America Citizen Science,11UQP003420,Land Covers,1.0,48.19961,-114.30433,895.6
365866,United States of America Citizen Science,12TWP210146,Land Covers,1.0,43.48403,-110.74031,1906.4
366484,United States of America Citizen Science,13SDV139489,Land Covers,1.0,35.68024,-105.95147,2117.7
365987,United States of America Citizen Science,13SEC148947,Land Covers,1.0,38.80093,-104.82956,1850.9
366649,United States of America Citizen Science,13SEC150947,Land Covers,2.0,38.80093,-104.82726,1848.6
366734,United States of America Citizen Science,13SEC162929,Land Covers,1.0,38.78469,-104.81348,1827.5
366310,United States of America Citizen Science,13SED025990,Land Covers,1.0,39.74089,-104.97082,1615.3
293727,United States of America Citizen Science,13SED029981,Land Covers,1.0,39.73278,-104.96616,1634.7
366549,United States of America Citizen Science,14SPD795470,Land Covers,1.0,34.74936,-97.03901,305.4
366561,United States of America Citizen Science,14SPD867540,Land Covers,1.0,34.81115,-96.95884,344.1
365064,United States of America Citizen Science,14SQB080621,Land Covers,2.0,33.07762,-96.77167,228.4
366476,United States of America Citizen Science,15SUD557484,Land Covers,1.0,39.27295,-94.67284,320.9
368236,United States of America Citizen Science,15SYC209647,Land Covers,1.0,38.50329,-90.46675,165.9
366193,United States of America Citizen Science,15TVG444075,Land Covers,1.0,41.61728,-93.66737,290.6
366580,United States of America Citizen Science,15TVJ713199,Land Covers,1.0,43.53149,-93.35519,372.7
289339,United States of America Citizen Science,15TVK718999,Land Covers,2.0,45.15201,-93.35875,267.4
289316,United States of America Citizen Science,15TVK721996,Land Covers,1.0,45.14933,-93.35492,265.2
289303,United States of America Citizen Science,15TVK721998,Land Covers,8.0,45.15113,-93.35493,264.3
337458,United States of America Citizen Science,15TVK728997,Land Covers,1.0,45.15025,-93.34602,263.8
365515,United States of America Citizen Science,15TVL718021,Land Covers,1.0,45.17182,-93.35887,262.5
365514,United States of America Citizen Science,15TVL718022,Land Covers,1.0,45.17272,-93.35888,261.1
367042,United States of America Citizen Science,16REU746605,Land Covers,1.0,30.37414,-86.22361,4.5
367543,United States of America Citizen Science,16RFV214693,Land Covers,1.0,31.35185,-85.72368,94.5
366206,United States of America Citizen Science,16RFV215695,Land Covers,1.0,31.35364,-85.72261,90.2
365513,United States of America Citizen Science,16RFV217694,Land Covers,3.0,31.35272,-85.72052,103.1
366468,United States of America Citizen Science,16RFV217695,Land Covers,1.0,31.35362,-85.72051,99.7
366643,United States of America Citizen Science,16RFV222672,Land Covers,1.0,31.33282,-85.71553,96.4
365622,United States of America Citizen Science,16RFV222673,Land Covers,2.0,31.33372,-85.71552,94.8
366894,United States of America Citizen Science,16RFV227685,Land Covers,1.0,31.34449,-85.71012,113.4
366300,United States of America Citizen Science,16RFV227686,Land Covers,1.0,31.3454,-85.7101,115.1
367414,United States of America Citizen Science,16RFV229677,Land Covers,1.0,31.33726,-85.70811,106.1
367990,United States of America Citizen Science,16RFV230675,Land Covers,1.0,31.33544,-85.70709,106.0
366711,United States of America Citizen Science,16RFV231675,Land Covers,1.0,31.33543,-85.70604,106.0
366505,United States of America Citizen Science,16RFV232678,Land Covers,1.0,31.33813,-85.70495,98.2
367324,United States of America Citizen Science,16RFV236678,Land Covers,1.0,31.33808,-85.70074,90.3
366800,United States of America Citizen Science,16RFV237678,Land Covers,1.0,31.33807,-85.69969,87.9
367895,United States of America Citizen Science,16RFV237679,Land Covers,1.0,31.33898,-85.69968,80.2
366097,United States of America Citizen Science,16RFV241678,Land Covers,1.0,31.33803,-85.69549,93.8
52378,United States of America Citizen Science,16SEJ191374,Land Covers,57.0,39.18563,-86.77885,235.5
366117,United States of America Citizen Science,16SFH227340,Land Covers,1.0,38.24565,-85.59781,178.5
368058,United States of America Citizen Science,16SFH612330,Land Covers,1.0,38.23056,-85.15825,252.6
368063,United States of America Citizen Science,16SFH613333,Land Covers,1.0,38.23324,-85.15704,255.6
366568,United States of America Citizen Science,17SKE509097,Land Covers,1.0,39.80081,-83.90957,313.7
368202,United States of America Citizen Science,17SLA178026,Land Covers,1.0,36.15103,-83.02532,366.4
367243,United States of America Citizen Science,17TKG827219,Land Covers,1.0,41.71922,-83.61228,190.2
366980,United States of America Citizen Science,17TLG180829,Land Covers,1.0,42.27708,-83.20715,181.2
327254,United States of America Citizen Science,17TLG183826,Land Covers,6.0,42.27445,-83.20342,181.2
366981,United States of America Citizen Science,17TLG186826,Land Covers,1.0,42.27452,-83.19978,180.7
368096,United States of America Citizen Science,18SUF871636,Land Covers,1.0,36.71138,-76.26409,8.0
366802,United States of America Citizen Science,18SUF877644,Land Covers,1.0,36.71866,-76.25749,2.4
366806,United States of America Citizen Science,18SUF880645,Land Covers,1.0,36.7196,-76.25415,1.7
368097,United States of America Citizen Science,18SUF881645,Land Covers,1.0,36.71961,-76.25303,2.8
366115,United States of America Citizen Science,18SUF885651,Land Covers,1.0,36.72506,-76.24864,8.6
366110,United States of America Citizen Science,18SUF895648,Land Covers,1.0,36.72248,-76.2374,2.0
367421,United States of America Citizen Science,18SUF904679,Land Covers,1.0,36.75052,-76.22777,5.7
367870,United States of America Citizen Science,18SUF996765,Land Covers,1.0,36.82905,-76.12586,2.5
365789,United States of America Citizen Science,18SUJ127157,Land Covers,3.0,38.97027,-77.16201,16.0
357410,United States of America Citizen Science,18SUJ272064,Land Covers,1.0,38.88949,-76.99239,25.0
366838,United States of America Citizen Science,18SUJ532201,Land Covers,1.0,39.01762,-76.69568,28.0
366346,United States of America Citizen Science,18SUJ532237,Land Covers,1.0,39.05005,-76.69646,49.0
366136,United States of America Citizen Science,18TTN854774,Land Covers,1.0,43.11893,-77.63789,157.9
366217,United States of America Citizen Science,18TTN854775,Land Covers,1.0,43.11983,-77.63793,157.9
365977,United States of America Citizen Science,18TTN861771,Land Covers,1.0,43.11643,-77.62918,161.5
366125,United States of America Citizen Science,18TTN862771,Land Covers,1.0,43.11646,-77.62795,163.1
364877,United States of America Citizen Science,18TVL448189,Land Covers,1.0,40.81926,-75.65456,269.7
366528,United States of America Citizen Science,18TWK375761,Land Covers,1.0,40.4347,-74.55787,48.6
188312,United States of America Citizen Science,18TXL129003,Land Covers,1.0,40.64584,-73.66472,3.7
368074,United States of America Citizen Science,19QDA067429,Land Covers,1.0,18.47439,-69.8837,13.9
368176,United States of America Citizen Science,19QDA067431,Land Covers,1.0,18.4762,-69.88371,11.8
368177,United States of America Citizen Science,19QDA067432,Land Covers,1.0,18.47711,-69.88371,10.2
326154,United States of America Citizen Science,19TCG371503,Land Covers,2.0,41.98787,-70.96656,12.6
230546,United States of America Citizen Science,19TCG372500,Land Covers,1.0,41.98519,-70.96527,14.6
368328,United States of America Citizen Science,19TCG372505,Land Covers,1.0,41.98969,-70.96541,12.0
216643,United States of America Citizen Science,19TCG374503,Land Covers,1.0,41.98793,-70.96294,19.0
368498,United States of America Citizen Science,19TCG837115,Land Covers,1.0,41.64676,-70.39658,16.2
367524,United States of America GLOBE v-School,13SCU409375,Land Covers,1.0,34.66712,-106.73643,1467.8
327941,United States of America GLOBE v-School,17TLG183826,Land Covers,1.0,42.27445,-83.20342,181.2
366214,United States of America GLOBE v-School,18SUJ374193,Land Covers,1.0,39.00762,-76.87791,47.6
368184,Universidad Nacional Agraría La Molina Lima,18LTM875620,Land Covers,1.0,-12.09665,-76.95242,244.4
353073,Universidad Nacional del Comahue,19HES817893,Land Covers,1.0,-38.94143,-68.05728,312.9
353185,Universidad Nacional del Comahue,19HES817894,Land Covers,1.0,-38.94053,-68.05729,317.2
353799,Universidad Nacional del Comahue,19HES818892,Land Covers,2.0,-38.94233,-68.05611,307.4
353798,Universidad Nacional del Comahue,19HES818893,Land Covers,3.0,-38.94143,-68.05612,312.7
353797,Universidad Nacional del Comahue,19HES818894,Land Covers,1.0,-38.94052,-68.05614,317.3
367739,University Of Alaska Fairbanks - IARC,06VVR116253,Land Covers,1.0,63.34548,-148.76629,881.9
158420,University Of Alaska Fairbanks - IARC,06WVS609941,Land Covers,1.0,64.86891,-147.82513,143.4
367738,University Of Alaska Fairbanks - IARC,06WVT389457,Land Covers,1.0,65.32848,-148.31189,158.7
366344,University Of Alaska Fairbanks - IARC,06WVT504044,Land Covers,1.0,64.95992,-148.05028,415.3
368075,Uruguay GLOBE v-School,19QDA067429,Land Covers,1.0,18.47439,-69.8837,13.9
368613,Uruguay GLOBE v-School,19QDA796383,Land Covers,1.0,18.43478,-69.19318,6.1
365506,Washington Junior High School (USOHXFQW),17TKG826220,Land Covers,1.0,41.72009,-83.61352,191.3
367244,Washington Junior High School (USOHXFQW),17TKG827219,Land Covers,1.0,41.71922,-83.61228,190.2
367237,Washington Junior High School (USOHXFQW),17TKG827220,Land Covers,1.0,41.72012,-83.61232,189.9
5443,XV. gimnazija,NOVA MIOC:ATM-03,Land Covers,1.0,45.8207,16.00699,122.9
368143,Васильківська міська станція юних натуралістів ,36UUA090656,Land Covers,1.0,50.21171,30.32295,194.5
368207,Васильківська міська станція юних натуралістів ,36UUA090659,Land Covers,1.0,50.21441,30.3228,194.0
